SALE TYPE,SOLD DATE,PROPERTY TYPE,ADDRESS,CITY,STATE OR PROVINCE,ZIP OR POSTAL CODE,PRICE,BEDS,BATHS,LOCATION,SQUARE FEET,LOT SIZE,YEAR BUILT,DAYS ON MARKET,$/SQUARE FEET,HOA/MONTH,STATUS,NEXT OPEN HOUSE START TIME,NEXT OPEN HOUSE END TIME,URL (SEE http://www.redfin.com/buy-a-home/comparative-market-analysis FOR INFO ON PRICING),SOURCE,MLS#,FAVORITE,INTERESTED,LATITUDE,LONGITUDE
MLS Listing,,Condo/Co-op,155 Parker Ave,San Francisco,CA,94118,1298000,3,1.0,San Francisco,1299,3100,1914,2,999,200,Active,November-16-2021 11:00 AM,November-16-2021 12:30 PM,http://www.redfin.com/CA/San-Francisco/155-Parker-Ave-94118/home/12433409,San Francisco MLS,421612013,N,Y,37.7826804,-122.4546333
MLS Listing,,Condo/Co-op,151 Alice B. Toklas Pl #509,San Francisco,CA,94109,998000,1,1.0,San Francisco,1337,25240,1920,2,746,885,Active,November-20-2021 11:00 AM,November-20-2021 01:00 PM,http://www.redfin.com/CA/San-Francisco/151-Alice-B-Toklas-94109/unit-509/home/574531,San Francisco MLS,421611997,N,Y,37.7851019,-122.4205839
MLS Listing,,Condo/Co-op,1938 Scott St,San Francisco,CA,94115,1995000,4,3.0,San Francisco,1968,2572,1890,3,1014,350,Active,November-20-2021 02:00 PM,November-20-2021 04:00 PM,http://www.redfin.com/CA/San-Francisco/1938-Scott-St-94115/home/1657761,San Francisco MLS,421607501,N,Y,37.7878744,-122.4384597
MLS Listing,,Condo/Co-op,401 Harrison St Unit 46B,San Francisco,CA,94105,7900000,3,3.0,San Francisco,3214,56023,2014,5,2458,1900,Active,,,http://www.redfin.com/CA/San-Francisco/401-Harrison-St-94105/unit-46B/home/144064341,San Francisco MLS,421610511,N,Y,37.7863747,-122.3919931
MLS Listing,,Condo/Co-op,10 Inca Ln #1,San Francisco,CA,94115,599000,2,1.0,San Francisco,840,,,10,713,754,Active,November-17-2021 04:30 PM,November-17-2021 06:00 PM,http://www.redfin.com/CA/San-Francisco/10-Inca-Ln-94115/unit-1/home/12401313,San Francisco MLS,421609286,N,Y,37.7829941,-122.4288754
MLS Listing,,Single Family Residential,836 48th Ave,SAN FRANCISCO,CA,94121,1498000,5,4.0,SAN FRANCISCO,2153,3598,1951,11,696,,Active,,,http://www.redfin.com/CA/San-Francisco/836-48th-Ave-94121/home/2033612,MLSListings,ML81869146,N,Y,37.7725806,-122.508654
MLS Listing,,Condo/Co-op,208 N Lake Merced Hls Unit 1A,SAN FRANCISCO,CA,94132,798000,2,2.0,SAN FRANCISCO,1320,,1975,18,605,910,Active,,,http://www.redfin.com/CA/San-Francisco/208-N-Lake-Merced-Hls-94132/unit-1A/home/1744740,MLSListings,ML81868448,N,Y,37.7133825,-122.4832983
MLS Listing,,Single Family Residential,773 Minna St,SAN FRANCISCO,CA,94103,1888000,2,2.5,SAN FRANCISCO,2520,1600,1906,31,749,,Active,,,http://www.redfin.com/CA/San-Francisco/773-Minna-St-94103/home/28945815,MLSListings,ML81867047,N,Y,37.7760888,-122.4135468
MLS Listing,,Condo/Co-op,1190 Sacramento St #2,San Francisco,CA,94108,1595000,2,2.0,San Francisco,,1470,1955,32,,,Active,,,http://www.redfin.com/CA/San-Francisco/1190-Sacramento-St-94108/unit-2/home/12399940,San Francisco MLS,421604010,N,Y,37.7926896,-122.4125054
MLS Listing,,Condo/Co-op,201 Harrison St #501,SAN FRANCISCO,CA,94105,475000,0,1.0,SAN FRANCISCO,432,,1991,37,1100,658,Active,,,http://www.redfin.com/CA/San-Francisco/201-Harrison-St-94105/unit-501/home/1438671,MLSListings,ML81866194,N,Y,37.7874798,-122.3905769
MLS Listing,,Single Family Residential,669 Marina Blvd,San Francisco,CA,94123,8898000,5,5.0,San Francisco,4752,4944,1931,66,1872,,Active,,,http://www.redfin.com/CA/San-Francisco/669-Marina-Blvd-94123/unit-669A/home/582205,San Francisco MLS,421593475,N,Y,37.8052133,-122.4449164
MLS Listing,,Condo/Co-op,461 2nd St Unit C118,San Francisco,CA,94107,750000,1,1.0,San Francisco,672,56167,1907,69,1116,651,Active,,,http://www.redfin.com/CA/San-Francisco/461-2nd-St-94107/unit-C118/home/1203053,San Francisco MLS,421589274,N,Y,37.783797,-122.3937191
MLS Listing,,Condo/Co-op,1328 Greenwich St,San Francisco,CA,94109,1595000,2,2.0,San Francisco,1465,,1886,1,1089,,Active,,,http://www.redfin.com/CA/San-Francisco/1328-Greenwich-St-94109/home/1898445,San Francisco MLS,421611175,N,Y,37.8010318,-122.4216578
MLS Listing,,Multi-Family (2-4 Unit),1126 - 1128 Hampshire St,San Francisco,CA,94110,1495000,4,2.0,San Francisco,2130,2696,1903,1,702,,Active,November-16-2021 02:00 PM,November-16-2021 03:30 PM,http://www.redfin.com/CA/San-Francisco/1126-Hampshire-St-94110/home/2017008,San Francisco MLS,421612151,N,Y,37.7540099,-122.4076744
MLS Listing,,Vacant Land,1056 - 1060 Potrero Ave,San Francisco,CA,94110,2400000,0,,San Francisco,,2500,,1,,,Active,,,http://www.redfin.com/CA/San-Francisco/1056-Potrero-Ave-94110/home/174696192,San Francisco MLS,421612129,N,Y,37.7551993,-122.4068903
MLS Listing,,Condo/Co-op,2184 Green St,San Francisco,CA,94123,3625000,3,3.0,San Francisco,2900,2600,1905,1,1250,1128,Active,,,http://www.redfin.com/CA/San-Francisco/2184-Green-St-94123/home/1804050,San Francisco MLS,421612091,N,Y,37.7963402,-122.4350471
MLS Listing,,Condo/Co-op,747 Filbert St Unit A&B,San Francisco,CA,94133,1750000,4,2.0,San Francisco,2106,3888,1908,1,831,481,Active,November-16-2021 04:00 PM,November-16-2021 05:00 PM,http://www.redfin.com/CA/San-Francisco/747-Filbert-St-94133/unit-A-B/home/102813612,San Francisco MLS,421610188,N,Y,37.800798,-122.412089
MLS Listing,,Townhouse,17 Bowman Ct,San Francisco,CA,94124,453728,2,2.0,San Francisco,1219,880,1992,1,372,65,Active,,,http://www.redfin.com/CA/San-Francisco/17-Bowman-Ct-94124/home/741389,San Francisco MLS,421612127,N,Y,37.7377823,-122.3822452
MLS Listing,,Multi-Family (5+ Unit),849 Noe St,San Francisco,CA,94114,3000000,0,,San Francisco,4854,2250,1960,1,618,,Active,,,http://www.redfin.com/CA/San-Francisco/849-Noe-St-94114/home/1447055,San Francisco MLS,421610816,N,Y,37.7555856,-122.43211
MLS Listing,,Multi-Family (2-4 Unit),3850 23rd St,San Francisco,CA,94114,3000000,4,3.0,San Francisco,3650,1524,1900,1,822,,Active,,,http://www.redfin.com/CA/San-Francisco/3850-23rd-St-94114/home/174714986,San Francisco MLS,421612095,N,Y,37.7533962,-122.4288565
MLS Listing,,Condo/Co-op,1177 California St #1012,San Francisco,CA,94108,998000,1,1.0,San Francisco,1056,31662,1978,1,945,1384,Active,November-16-2021 10:00 AM,November-16-2021 11:30 PM,http://www.redfin.com/CA/San-Francisco/1177-California-St-94108/unit-1012/home/1707260,San Francisco MLS,421611985,N,Y,37.7909986,-122.4137649
MLS Listing,,Condo/Co-op,1 Daniel Burnham Ct #206,San Francisco,CA,94109,658000,1,1.0,San Francisco,732,46157,1988,1,899,898,Active,November-20-2021 02:00 PM,November-20-2021 04:00 PM,http://www.redfin.com/CA/San-Francisco/1-Daniel-Burnham-Ct-94109/unit-206/home/2023474,San Francisco MLS,421611196,N,Y,37.786783,-122.4219061
MLS Listing,,Multi-Family (2-4 Unit),160 - 162 Lexington St,San Francisco,CA,94110,950000,3,,San Francisco,1436,2000,1906,1,662,,Active,,,http://www.redfin.com/CA/San-Francisco/160-Lexington-St-94110/home/710664,San Francisco MLS,421608097,N,Y,37.7607634,-122.4209279
MLS Listing,,Condo/Co-op,690 Market St #1703,San Francisco,CA,94104,1595000,2,2.0,San Francisco,1431,11357,2007,1,1115,3098,Active,,,http://www.redfin.com/CA/San-Francisco/690-Market-St-94104/unit-1703/home/21967220,San Francisco MLS,421607592,N,Y,37.7883046,-122.4032778
MLS Listing,,Single Family Residential,2574 46th Ave,San Francisco,CA,94116,1550000,2,1.0,San Francisco,1248,3000,1942,1,1242,,Active,,,http://www.redfin.com/CA/San-Francisco/2574-46th-Ave-94116/home/664866,San Francisco MLS,421589407,N,Y,37.7385454,-122.5041975
MLS Listing,,Multi-Family (5+ Unit),711 Guerrero St,San Francisco,CA,94110,2500000,0,,San Francisco,6000,2247,1907,1,417,,Active,,,http://www.redfin.com/CA/San-Francisco/711-Guerrero-St-94110/home/1446989,San Francisco MLS,421612076,N,Y,37.7596989,-122.4233209
MLS Listing,,Single Family Residential,822 South Van Ness Ave,San Francisco,CA,94110,4880000,15,5.5,San Francisco,6745,7105,1890,1,723,,Active,,,http://www.redfin.com/CA/San-Francisco/822-S-Van-Ness-Ave-94110/home/171236152,San Francisco MLS,421607036,N,Y,37.759966,-122.4174152
MLS Listing,,Condo/Co-op,1145 Pine St #43,San Francisco,CA,94109,445000,0,1.0,San Francisco,390,5170,1912,1,1141,550,Active,,,http://www.redfin.com/CA/San-Francisco/1145-Pine-St-94109/unit-43/home/2033053,San Francisco MLS,421612011,N,Y,37.7901344,-122.4147638
MLS Listing,,Single Family Residential,17 Chula Ln,San Francisco,CA,94110,1295000,3,2.0,San Francisco,1400,2674,1908,1,925,,Active,November-18-2021 05:30 PM,November-18-2021 07:00 PM,http://www.redfin.com/CA/San-Francisco/17-Chula-Ln-94114/home/1694617,San Francisco MLS,421610399,N,Y,37.7637718,-122.4270188
MLS Listing,,Condo/Co-op,96 Malta Dr,San Francisco,CA,94131,780000,2,2.0,San Francisco,1600,2476,1977,1,488,33,Active,,,http://www.redfin.com/CA/San-Francisco/96-Malta-Dr-94131/home/177187378,San Francisco MLS,421610982,N,Y,37.736548,-122.4436871
MLS Listing,,Condo/Co-op,677 Arguello Blvd #102,San Francisco,CA,94118,1395000,3,3.0,San Francisco,1335,5969,1998,2,1045,539,Active,,,http://www.redfin.com/CA/San-Francisco/677-Arguello-Blvd-94118/unit-102/home/883061,San Francisco MLS,421612002,N,Y,37.7779791,-122.4589757
MLS Listing,,Multi-Family (2-4 Unit),341 - 343 Lexington St,San Francisco,CA,94110,1850000,2,2.0,San Francisco,2060,1572,1900,2,898,,Active,,,http://www.redfin.com/CA/San-Francisco/341-Lexington-St-94110/home/1335121,San Francisco MLS,421611772,N,Y,37.7578494,-122.420225
MLS Listing,,Condo/Co-op,53 Wilder St #203,San Francisco,CA,94131,995000,2,2.0,San Francisco,1212,15674,2006,2,821,709,Active,November-16-2021 12:00 PM,November-16-2021 01:30 PM,http://www.redfin.com/CA/San-Francisco/53-Wilder-St-94131/unit-203/home/17305441,San Francisco MLS,421611001,N,Y,37.7339289,-122.4334952
MLS Listing,,Single Family Residential,1882 33rd Ave,San Francisco,CA,94122,1195000,3,2.0,San Francisco,1446,2996,1941,2,826,,Active,,,http://www.redfin.com/CA/San-Francisco/1882-33rd-Ave-94122/home/1493567,San Francisco MLS,421611959,N,Y,37.7520823,-122.4911466
MLS Listing,,Single Family Residential,234 Arch St,San Francisco,CA,94132,1195000,3,2.0,San Francisco,1380,2495,1940,2,866,,Active,November-20-2021 02:00 PM,November-20-2021 04:00 PM,http://www.redfin.com/CA/San-Francisco/234-Arch-St-94132/home/1822445,San Francisco MLS,421611894,N,Y,37.7149703,-122.4669585
MLS Listing,,Multi-Family (2-4 Unit),1128 - 1130 Church St,San Francisco,CA,94114,2195000,5,2.0,San Francisco,2650,3053,1902,2,828,,Active,November-16-2021 12:00 PM,November-16-2021 01:30 PM,http://www.redfin.com/CA/San-Francisco/1128-Church-St-94114/home/1702975,San Francisco MLS,421602033,N,Y,37.7527217,-122.427878
MLS Listing,,Condo/Co-op,185 Graystone Ter #5,San Francisco,CA,94114,698000,1,1.0,San Francisco,810,,1948,3,862,341,Active,November-16-2021 12:00 PM,November-16-2021 01:30 PM,http://www.redfin.com/CA/San-Francisco/185-Graystone-Ter-94114/unit-5/home/173336322,San Francisco MLS,421611871,N,Y,37.7573633,-122.445242
MLS Listing,,Condo/Co-op,185 Graystone Ter #4,San Francisco,CA,94114,698000,1,1.0,San Francisco,582,,1948,3,1199,404,Active,November-16-2021 12:00 PM,November-16-2021 01:30 PM,http://www.redfin.com/CA/San-Francisco/185-Graystone-Ter-94114/unit-4/home/167269366,San Francisco MLS,421611868,N,Y,37.7573633,-122.445242
MLS Listing,,Condo/Co-op,20 Hancock St Unit A,San Francisco,CA,94114,1999000,4,3.0,San Francisco,2214,2848,1902,3,903,,Active,November-21-2021 01:00 PM,November-21-2021 04:00 PM,http://www.redfin.com/CA/San-Francisco/20-Hancock-St-94114/unit-A/home/177177153,San Francisco MLS,421611501,N,Y,37.7606698,-122.4288375
MLS Listing,,Condo/Co-op,766 Harrison St #810,San Francisco,CA,94107,375000,0,1.0,San Francisco,303,6880,2008,3,1238,285,Active,,,http://www.redfin.com/CA/San-Francisco/766-Harrison-St-94107/unit-810/home/40139040,San Francisco MLS,421611876,N,Y,37.7816524,-122.3991845
MLS Listing,,Single Family Residential,40 Farragut Ave,San Francisco,CA,94112,1298000,4,3.0,San Francisco,2052,1999,1912,3,633,,Active,,,http://www.redfin.com/CA/San-Francisco/40-Farragut-Ave-94112/home/1472775,San Francisco MLS,421611160,N,Y,37.71063,-122.449825
MLS Listing,,Multi-Family (5+ Unit),2390 14th Ave,San Francisco,CA,94116,1998000,0,,San Francisco,4900,2996,1929,3,408,,Active,,,http://www.redfin.com/CA/San-Francisco/2390-14th-Ave-94116/home/2036621,San Francisco MLS,421609058,N,Y,37.7435251,-122.4701123
MLS Listing,,Condo/Co-op,960 Market St #214,San Francisco,CA,94102,725000,0,1.0,San Francisco,566,,,3,1281,685,Active,,,http://www.redfin.com/CA/San-Francisco/960-Market-St-94102/unit-214/home/177175256,San Francisco MLS,421611182,N,Y,37.7831239,-122.4095552
MLS Listing,,Condo/Co-op,960 Market St #221,San Francisco,CA,94102,699000,0,1.0,San Francisco,510,,,3,1371,685,Active,November-16-2021 01:00 PM,November-16-2021 03:00 PM,http://www.redfin.com/CA/San-Francisco/960-Market-St-94102/unit-221/home/177175186,San Francisco MLS,421611181,N,Y,37.7831239,-122.4095552
MLS Listing,,Condo/Co-op,960 Market St #204,San Francisco,CA,94102,499000,0,1.0,San Francisco,339,,,3,1472,598,Active,November-16-2021 01:00 PM,November-16-2021 03:00 PM,http://www.redfin.com/CA/San-Francisco/960-Market-St-94102/unit-204/home/177175168,San Francisco MLS,421611180,N,Y,37.7831239,-122.4095552
MLS Listing,,Condo/Co-op,388 Fulton St #307,San Francisco,CA,94102,495000,0,1.0,San Francisco,371,12509,2016,3,1334,448,Active,,,http://www.redfin.com/CA/San-Francisco/388-Fulton-St-94102/unit-307/home/109240367,San Francisco MLS,421611835,N,Y,37.7790326,-122.4231449
MLS Listing,,Multi-Family (2-4 Unit),15-17 States St,San Francisco,CA,94114,2288888,4,2.0,Corona Hts,2420,2604,1957,3,946,,Active,,,http://www.redfin.com/CA/San-Francisco/15-States-St-94114/home/1316299,"bridgeMLS, Bay East AOR, or Contra Costa AOR",40973676,N,Y,37.7632211,-122.4357662
MLS Listing,,Condo/Co-op,20 Hancock St Unit B,San Francisco,CA,94114,699000,1,1.0,San Francisco,634,2848,1902,3,1103,,Active,November-21-2021 01:00 PM,November-21-2021 04:00 PM,http://www.redfin.com/CA/San-Francisco/20-Hancock-St-94114/unit-B/home/177174775,San Francisco MLS,421611478,N,Y,37.7606698,-122.4288375
MLS Listing,,Condo/Co-op,152 Lombard St #606,San Francisco,CA,94111,1500000,2,2.0,San Francisco,1425,,1975,3,1053,1122,Active,,,http://www.redfin.com/CA/San-Francisco/152-Lombard-St-94111/unit-606/home/1851897,San Francisco MLS,421611591,N,Y,37.80445,-122.404178
MLS Listing,,Single Family Residential,521 8th Ave,San Francisco,CA,94118,1775000,2,1.0,San Francisco,1525,3000,1908,3,1164,,Active,,,http://www.redfin.com/CA/San-Francisco/521-8th-Ave-94118/home/1332765,San Francisco MLS,421610877,N,Y,37.778503,-122.4665163
MLS Listing,,Single Family Residential,146 De Long St,San Francisco,CA,94112,988000,2,2.0,San Francisco,1448,2495,1944,3,682,,Active,,,http://www.redfin.com/CA/San-Francisco/146-De-Long-St-94112/home/1672698,San Francisco MLS,421611803,N,Y,37.7097857,-122.4615713
MLS Listing,,Single Family Residential,452 Elizabeth St,San Francisco,CA,94114,2495000,5,2.5,San Francisco,2542,2905,1909,3,982,,Active,November-21-2021 01:00 PM,November-21-2021 04:00 PM,http://www.redfin.com/CA/San-Francisco/452-Elizabeth-St-94114/home/1828234,San Francisco MLS,421611481,N,Y,37.7524656,-122.4309093
MLS Listing,,Condo/Co-op,55 Vandewater St #7,San Francisco,CA,94133,849000,1,1.0,San Francisco,732,4541,1981,3,1160,455,Active,,,http://www.redfin.com/CA/San-Francisco/55-Vandewater-St-94133/unit-7/home/1424802,San Francisco MLS,421611589,N,Y,37.8051143,-122.41288
MLS Listing,,Single Family Residential,273 Vienna St,San Francisco,CA,94112,799000,3,1.0,San Francisco,1000,2500,1900,3,799,,Active,November-16-2021 02:00 PM,November-16-2021 03:30 PM,http://www.redfin.com/CA/San-Francisco/273-Vienna-St-94112/home/1293924,San Francisco MLS,421610742,N,Y,37.723946,-122.4275305
MLS Listing,,Single Family Residential,1363 29th Ave,San Francisco,CA,94122,1695000,2,2.0,San Francisco,2204,3330,1933,3,769,,Active,,,http://www.redfin.com/CA/San-Francisco/1363-29th-Ave-94122/home/1548128,San Francisco MLS,421611038,N,Y,37.7618701,-122.4880073
MLS Listing,,Condo/Co-op,840 Lake St #2,San Francisco,CA,94118,990000,2,1.0,San Francisco,940,3973,1924,3,1053,500,Active,,,http://www.redfin.com/CA/San-Francisco/840-Lake-St-94118/unit-2/home/606823,San Francisco MLS,421610817,N,Y,37.7866673,-122.4686391
MLS Listing,,Multi-Family (2-4 Unit),1133 - 1135 Judah St,San Francisco,CA,94122,1698000,4,2.0,San Francisco,2472,2495,1946,3,687,,Active,,,http://www.redfin.com/CA/San-Francisco/1133-Judah-St-94122/home/923511,San Francisco MLS,421611723,N,Y,37.7615671,-122.4743873
MLS Listing,,Condo/Co-op,77 Dow Pl #901,San Francisco,CA,94107,795000,1,1.5,San Francisco,1080,18962,2002,3,736,894,Active,,,http://www.redfin.com/CA/San-Francisco/77-Dow-Pl-94107/unit-901/home/1983155,San Francisco MLS,421609515,N,Y,37.7840596,-122.3966174
MLS Listing,,Condo/Co-op,2001 Mcallister St #243,San Francisco,CA,94118,795000,1,1.0,San Francisco,686,98109,2002,3,1159,725,Active,,,http://www.redfin.com/CA/San-Francisco/2001-McAllister-St-94118/unit-243/home/12399019,San Francisco MLS,421611617,N,Y,37.776448,-122.4460603
MLS Listing,,Multi-Family (2-4 Unit),832 Florida St,SAN FRANCISCO,CA,94110,980000,4,2.0,SAN FRANCISCO,1920,2596,1900,3,510,,Active,,,http://www.redfin.com/CA/San-Francisco/832-Florida-St-94110/home/729949,MLSListings,ML81870065,N,Y,37.7584984,-122.4108964
MLS Listing,,Condo/Co-op,388 Fulton St #311,San Francisco,CA,94102,895000,2,1.0,San Francisco,714,,,3,1254,638,Active,,,http://www.redfin.com/CA/San-Francisco/388-Fulton-St-94102/unit-311/home/108540504,San Francisco MLS,421611178,N,Y,37.7790326,-122.4231449
MLS Listing,,Condo/Co-op,288 Union St #1,San Francisco,CA,94133,1425000,2,1.5,San Francisco,,1746,1900,3,,,Active,,,http://www.redfin.com/CA/San-Francisco/288-Union-St-94133/unit-1/home/177172944,San Francisco MLS,421611669,N,Y,37.8012732,-122.4039336
MLS Listing,,Condo/Co-op,42 Steiner St,San Francisco,CA,94117,1095000,2,2.0,San Francisco,,5127,1900,3,,347,Active,November-16-2021 11:00 AM,November-16-2021 12:30 PM,http://www.redfin.com/CA/San-Francisco/42-Steiner-St-94117/home/177172899,San Francisco MLS,421611065,N,Y,37.7699222,-122.4315032
MLS Listing,,Single Family Residential,834 30Th Ave,San Francisco,CA,94121,1695000,3,2.5,Central Richmond,,3000,1931,3,,,Active,November-16-2021 11:00 AM,November-16-2021 12:30 PM,http://www.redfin.com/CA/San-Francisco/834-30th-Ave-94121/home/623525,"bridgeMLS, Bay East AOR, or Contra Costa AOR",40974089,N,Y,37.7735246,-122.4894084
MLS Listing,,Condo/Co-op,517 - 1/2 Capp St,San Francisco,CA,94110,559000,3,1.5,San Francisco,1292,2622,1900,3,433,513,Active,November-16-2021 04:30 PM,November-16-2021 05:30 PM,http://www.redfin.com/CA/San-Francisco/2-Capp-St-94103/home/177172780,San Francisco MLS,421610958,N,Y,37.7667443,-122.4187554
MLS Listing,,Single Family Residential,270 Judson Ave,San Francisco,CA,94112,859000,2,1.0,San Francisco,1000,1677,1926,3,859,,Active,November-16-2021 01:00 PM,November-16-2021 02:30 PM,http://www.redfin.com/CA/San-Francisco/270-Judson-Ave-94112/home/1343868,San Francisco MLS,421610952,N,Y,37.7285648,-122.4481758
MLS Listing,,Condo/Co-op,66 Cleary Ct #107,San Francisco,CA,94109,1100000,3,2.0,San Francisco,1100,65376,1963,3,1000,998,Active,November-16-2021 11:00 AM,November-16-2021 12:30 PM,http://www.redfin.com/CA/San-Francisco/66-Cleary-Ct-94109/unit-107/home/1313075,San Francisco MLS,421611645,N,Y,37.7841279,-122.4273921
MLS Listing,,Condo/Co-op,635 - A South Van Ness Ave,San Francisco,CA,94110,1198000,3,2.0,San Francisco,1483,2940,1912,3,808,180,Active,November-16-2021 02:00 PM,November-16-2021 03:30 PM,http://www.redfin.com/CA/San-Francisco/635-S-Van-Ness-Ave-94110/unit-637/home/1542460,San Francisco MLS,421606628,N,Y,37.7629884,-122.4169198
MLS Listing,,Single Family Residential,4384 23rd St,San Francisco,CA,94114,1595000,2,1.5,San Francisco,1275,2848,1900,3,1251,,Active,November-16-2021 12:00 PM,November-16-2021 01:30 PM,http://www.redfin.com/CA/San-Francisco/4384-23rd-St-94114/home/1989607,San Francisco MLS,421610949,N,Y,37.7527097,-122.4403721
MLS Listing,,Single Family Residential,232 Evelyn Way,San Francisco,CA,94127,1195000,3,2.0,San Francisco,,2326,,3,,,Active,November-16-2021 01:00 PM,November-16-2021 02:30 PM,http://www.redfin.com/CA/San-Francisco/232-Evelyn-Way-94127/home/2024451,San Francisco MLS,421611636,N,Y,37.7428054,-122.4498422
MLS Listing,,Condo/Co-op,637 Powell St #301,San Francisco,CA,94108,1050000,2,1.0,San Francisco,1590,3920,,3,660,869,Active,,,http://www.redfin.com/CA/San-Francisco/637-Powell-St-94108/home/553539,San Francisco MLS,421611643,N,Y,37.790666,-122.4090968
MLS Listing,,Condo/Co-op,200 Townsend St #51,San Francisco,CA,94107,875000,1,2.0,San Francisco,908,15768,2003,3,964,661,Active,November-18-2021 04:00 PM,November-18-2021 06:00 PM,http://www.redfin.com/CA/San-Francisco/200-Townsend-St-94107/unit-51/home/2062423,San Francisco MLS,421611068,N,Y,37.7789208,-122.3932323
MLS Listing,,Condo/Co-op,8300 Oceanview Ter #414,San Francisco,CA,94132,838888,2,2.0,San Francisco,967,325629,2002,3,868,702,Active,November-16-2021 01:00 PM,November-16-2021 03:00 PM,http://www.redfin.com/CA/San-Francisco/8300-Oceanview-Ter-94132/unit-414/home/1458024,San Francisco MLS,421611632,N,Y,37.7100162,-122.4683516
MLS Listing,,Single Family Residential,133 Jules Ave,San Francisco,CA,94112,1295000,6,4.0,San Francisco,2288,2173,1938,3,566,,Active,November-21-2021 02:00 PM,November-21-2021 04:00 PM,http://www.redfin.com/CA/San-Francisco/133-Jules-Ave-94112/home/2037885,San Francisco MLS,421611077,N,Y,37.7206435,-122.4614745
MLS Listing,,Single Family Residential,2199 Divisadero St,San Francisco,CA,94115,5695000,5,3.5,San Francisco,3690,2244,1900,3,1543,,Active,November-16-2021 10:00 AM,November-16-2021 11:30 AM,http://www.redfin.com/CA/San-Francisco/2199-Divisadero-St-94115/home/1409038,San Francisco MLS,421611556,N,Y,37.7897247,-122.4410247
MLS Listing,,Multi-Family (2-4 Unit),312 - 314 Leland Ave,San Francisco,CA,94134,1495000,6,4.0,San Francisco,2931,2495,1991,3,510,,Active,,,http://www.redfin.com/CA/San-Francisco/312-Leland-Ave-94134/home/783910,San Francisco MLS,421611064,N,Y,37.7134335,-122.4097539
MLS Listing,,Condo/Co-op,260 King St #1611,San Francisco,CA,94107,939000,1,1.0,San Francisco,868,213232,2004,3,1082,851,Active,,,http://www.redfin.com/CA/San-Francisco/260-King-St-94107/unit-1611/home/22854825,San Francisco MLS,421610945,N,Y,37.7776624,-122.3938672
MLS Listing,,Multi-Family (2-4 Unit),265 - 267 Francisco St,San Francisco,CA,94133,1995000,4,2.0,San Francisco,2100,1125,1909,3,950,,Active,November-16-2021 09:00 AM,November-16-2021 10:30 AM,http://www.redfin.com/CA/San-Francisco/265-Francisco-St-94133/home/1941407,San Francisco MLS,421609315,N,Y,37.8050262,-122.4094166
MLS Listing,,Condo/Co-op,2001 Mcallister St #253,San Francisco,CA,94118,1098888,2,2.0,San Francisco,987,98109,2002,3,1113,,Active,,,http://www.redfin.com/CA/San-Francisco/2001-McAllister-St-94118/unit-253/home/12398619,BAREIS,421611193,N,Y,37.776448,-122.4460603
MLS Listing,,Condo/Co-op,1177 Filbert St,San Francisco,CA,94109,1689000,2,2.5,San Francisco,1410,4120,1907,3,1198,435,Active,,,http://www.redfin.com/CA/San-Francisco/1177-Filbert-St-94109/home/1152768,San Francisco MLS,421611560,N,Y,37.799966,-122.418757
MLS Listing,,Condo/Co-op,2135 Vallejo St,San Francisco,CA,94123,1599000,2,2.0,San Francisco,,2620,1900,3,,544,Active,,,http://www.redfin.com/CA/San-Francisco/2135-Vallejo-St-94123/unit-2/home/1208971,San Francisco MLS,421610401,N,Y,37.7953887,-122.4329212
MLS Listing,,Condo/Co-op,1385 - 1387 Hampshire St Unit 1387B,San Francisco,CA,94110,499000,1,1.0,San Francisco,435,1999,1925,3,1147,250,Active,November-16-2021 02:00 PM,November-16-2021 03:30 PM,http://www.redfin.com/CA/San-Francisco/1385-Hampshire-St-94110/unit-1387B/home/177170085,San Francisco MLS,421610487,N,Y,37.7502504,-122.4067951
MLS Listing,,Condo/Co-op,553 Dolores St,San Francisco,CA,94110,1995000,3,1.5,San Francisco,,2778,1912,3,,300,Active,November-16-2021 12:00 PM,November-16-2021 01:30 PM,http://www.redfin.com/CA/San-Francisco/553-Dolores-St-94110/home/12277238,San Francisco MLS,421611004,N,Y,37.7606179,-122.4256731
MLS Listing,,Single Family Residential,1174 Naples St,San Francisco,CA,94112,880000,4,2.0,San Francisco,1694,2372,1923,3,519,,Active,,,http://www.redfin.com/CA/San-Francisco/1174-Naples-St-94112/home/937747,San Francisco MLS,421606573,N,Y,37.7124195,-122.4377552
MLS Listing,,Single Family Residential,484 Douglass St,San Francisco,CA,94114,1895000,2,2.0,San Francisco,,2395,1890,3,,,Active,November-17-2021 05:30 PM,November-17-2021 07:00 PM,http://www.redfin.com/CA/San-Francisco/484-Douglass-St-94114/home/674877,San Francisco MLS,421611538,N,Y,37.7556874,-122.4391044
MLS Listing,,Condo/Co-op,400 Oak St #6,San Francisco,CA,94102,999000,2,1.0,San Francisco,,2145,,3,,300,Active,,,http://www.redfin.com/CA/San-Francisco/400-Oak-St-94102/unit-6/home/28890107,San Francisco MLS,421606131,N,Y,37.774782,-122.426094
MLS Listing,,Condo/Co-op,2283 Turk Blvd #3,San Francisco,CA,94118,1695000,3,2.0,San Francisco,1589,2813,1995,3,1067,277,Active,,,http://www.redfin.com/CA/San-Francisco/2283-Turk-Blvd-94118/unit-3/home/21942208,San Francisco MLS,421611158,N,Y,37.7784051,-122.4465988
MLS Listing,,Condo/Co-op,1438 Green St Unit 7E,SAN FRANCISCO,CA,94109,1800000,3,2.0,SAN FRANCISCO,1298,,1998,4,1387,1450,Active,,,http://www.redfin.com/CA/San-Francisco/1438-Green-St-94109/unit-7E/home/1087241,MLSListings,ML81870007,N,Y,37.7980437,-122.4229237
MLS Listing,,Single Family Residential,2560 Mcallister St,San Francisco,CA,94118,1199000,3,1.0,San Francisco,1080,2247,1900,4,1110,,Active,November-20-2021 01:00 PM,November-20-2021 03:00 PM,http://www.redfin.com/CA/San-Francisco/2560-McAllister-St-94118/home/1146048,San Francisco MLS,421611083,N,Y,37.7757641,-122.4542653
MLS Listing,,Condo/Co-op,200 Brannan St #419,San Francisco,CA,94107,1987888,3,2.0,San Francisco,1787,72899,2004,4,1112,961,Active,November-17-2021 12:00 PM,November-17-2021 01:30 PM,http://www.redfin.com/CA/San-Francisco/200-Brannan-St-94107/unit-419/home/1538030,San Francisco MLS,421605835,N,Y,37.7838833,-122.3906104
MLS Listing,,Single Family Residential,174 Hale St,San Francisco,CA,94134,899000,2,2.0,San Francisco,1718,1873,1925,4,523,,Active,November-21-2021 02:00 PM,November-21-2021 04:00 PM,http://www.redfin.com/CA/San-Francisco/174-Hale-St-94134/home/769404,San Francisco MLS,421609401,N,Y,37.7322893,-122.408748
MLS Listing,,Condo/Co-op,1515 Anza St,San Francisco,CA,94118,899000,2,1.0,San Francisco,1165,2427,1908,4,772,,Active,,,http://www.redfin.com/CA/San-Francisco/1515-Anza-St-94118/home/2030093,San Francisco MLS,421611520,N,Y,37.778832,-122.46449
MLS Listing,,Condo/Co-op,1385 - 1387 Hampshire St Unit 1387A,San Francisco,CA,94110,459000,0,1.0,San Francisco,579,1999,1925,4,793,250,Active,November-16-2021 02:00 PM,November-16-2021 03:30 PM,http://www.redfin.com/CA/San-Francisco/1385-Hampshire-St-94110/unit-1387A/home/177168709,San Francisco MLS,421610477,N,Y,37.7502504,-122.4067951
MLS Listing,,Condo/Co-op,567 27th St #3,San Francisco,CA,94131,1695000,3,2.0,San Francisco,1522,2850,1989,4,1114,400,Active,,,http://www.redfin.com/CA/San-Francisco/567-27th-St-94131/unit-3/home/1829398,San Francisco MLS,421611477,N,Y,37.7463462,-122.4327673
MLS Listing,,Single Family Residential,555 33rd Ave,San Francisco,CA,94121,2395000,3,3.0,San Francisco,2526,3000,1914,4,948,,Active,November-16-2021 11:00 AM,November-16-2021 12:30 PM,http://www.redfin.com/CA/San-Francisco/555-33rd-Ave-94121/unit-1/home/1888708,San Francisco MLS,421611082,N,Y,37.778584,-122.4935342
MLS Listing,,Condo/Co-op,250 King St #500,SAN FRANCISCO,CA,94107,1199000,2,2.0,SAN FRANCISCO,1219,213232,2004,4,984,944,Active,November-17-2021 12:00 PM,November-17-2021 01:30 PM,http://www.redfin.com/CA/San-Francisco/250-King-St-94107/unit-500/home/22889166,MLSListings,ML81863884,N,Y,37.7781222,-122.3932903
MLS Listing,,Multi-Family (2-4 Unit),3877 - 3879 Jackson St,San Francisco,CA,94118,4650000,8,,San Francisco,5160,3463,1910,4,901,,Active,November-18-2021 04:00 PM,November-18-2021 05:00 PM,http://www.redfin.com/CA/San-Francisco/3877-Jackson-St-94118/home/1562444,San Francisco MLS,421610876,N,Y,37.7891023,-122.4588748
MLS Listing,,Condo/Co-op,1895 Pacific Ave #206,San Francisco,CA,94109,1095000,1,1.0,San Francisco,1165,7202,1931,4,940,626,Active,,,http://www.redfin.com/CA/San-Francisco/1895-Pacific-Ave-94109/unit-206/home/1571780,San Francisco MLS,421610676,N,Y,37.7942091,-122.426335
MLS Listing,,Condo/Co-op,230 7th St Unit K3,San Francisco,CA,94103,678000,1,1.0,San Francisco,657,,,4,1032,407,Active,,,http://www.redfin.com/CA/San-Francisco/230-7th-St-94103/unit-K3/home/177166784,San Francisco MLS,421611198,N,Y,37.777295,-122.409123
MLS Listing,,Condo/Co-op,188 Minna St Unit 36D,San Francisco,CA,94105,3998888,2,2.5,San Francisco,1792,33056,2005,4,2232,2791,Active,,,http://www.redfin.com/CA/San-Francisco/188-Minna-St-94105/unit-36D/home/22883996,San Francisco MLS,421610551,N,Y,37.7861799,-122.4012974
MLS Listing,,Condo/Co-op,300 Ivy St #100,San Francisco,CA,94102,949000,1,1.0,San Francisco,825,22794,2014,4,1150,586,Active,,,http://www.redfin.com/CA/San-Francisco/300-Ivy-St-94102/unit-100/home/69054847,San Francisco MLS,421606420,N,Y,37.7773806,-122.4233752
MLS Listing,,Single Family Residential,916 Athens St,San Francisco,CA,94112,1395000,3,2.0,San Francisco,1777,3300,1923,4,785,,Active,,,http://www.redfin.com/CA/San-Francisco/916-Athens-St-94112/home/1584046,San Francisco MLS,421610995,N,Y,37.7145926,-122.4340502
MLS Listing,,Condo/Co-op,1000 3Rd St #314,San Francisco,CA,94158,1478888,2,2.0,Mission,1222,,2018,4,1210,962,Active,,,http://www.redfin.com/CA/San-Francisco/1000-3rd-St-94158/unit-314/home/145564281,"bridgeMLS, Bay East AOR, or Contra Costa AOR",40972959,N,Y,37.7752125,-122.3902276
MLS Listing,,Single Family Residential,370 Harkness Ave,SAN FRANCISCO,CA,94134,1188000,3,3.0,SAN FRANCISCO,1710,1873,1961,4,695,,Active,November-20-2021 01:00 PM,November-20-2021 04:00 PM,http://www.redfin.com/CA/San-Francisco/370-Harkness-Ave-94134/home/782219,MLSListings,ML81869925,N,Y,37.7179727,-122.4046275
MLS Listing,,Single Family Residential,12 Flood Ave,San Francisco,CA,94131,1198000,2,2.0,San Francisco,,4216,1900,4,,,Active,November-20-2021 02:00 PM,November-20-2021 04:00 PM,http://www.redfin.com/CA/San-Francisco/12-Flood-Ave-94131/home/1972185,San Francisco MLS,421611015,N,Y,37.730168,-122.440937
MLS Listing,,Condo/Co-op,677 Arguello Blvd #103,San Francisco,CA,94118,1425000,3,3.0,San Francisco,1234,5969,1998,4,1155,539,Active,,,http://www.redfin.com/CA/San-Francisco/677-Arguello-Blvd-94118/unit-103/home/1375977,San Francisco MLS,421611040,N,Y,37.7779791,-122.4589757
MLS Listing,,Condo/Co-op,555 Golden Gate Ave Unit 9G,San Francisco,CA,94102,1198000,2,2.0,San Francisco,912,,2021,4,1314,633,Active,,,http://www.redfin.com/CA/San-Francisco/555-Golden-Gate-Ave-94102/unit-9G/home/176728356,San Francisco MLS,421611191,N,Y,37.7808655,-122.4196054
MLS Listing,,Condo/Co-op,555 Golden Gate Ave Unit 10B,San Francisco,CA,94103,828888,1,1.0,San Francisco,,,,4,,553,Active,,,http://www.redfin.com/CA/San-Francisco/555-Golden-Gate-Ave-94102/unit-10B/home/177166205,San Francisco MLS,421611192,N,Y,37.7808655,-122.4196054
MLS Listing,,Condo/Co-op,4231 26th St,SAN FRANCISCO,CA,94131,1450000,2,1.0,SAN FRANCISCO,922,,1907,4,1573,,Active,,,http://www.redfin.com/CA/San-Francisco/4231-26th-St-94131/unit-4231A/home/1599220,MLSListings,ML81866853,N,Y,37.747929,-122.4349606
MLS Listing,,Condo/Co-op,2505 19th St,San Francisco,CA,94110,1049000,2,1.0,San Francisco,1136,2916,1925,4,923,436,Active,November-16-2021 02:00 PM,November-16-2021 03:30 PM,http://www.redfin.com/CA/San-Francisco/2505-19th-St-94110/home/92196573,San Francisco MLS,421610294,N,Y,37.7605102,-122.4073953
MLS Listing,,Single Family Residential,101 St Francis Blvd,San Francisco,CA,94127,3975000,4,3.0,San Francisco,3323,6481,1925,4,1196,223,Active,November-16-2021 01:00 PM,November-16-2021 02:30 PM,http://www.redfin.com/CA/San-Francisco/101-St-Francis-Blvd-94127/home/1928154,San Francisco MLS,421609759,N,Y,37.7350605,-122.4694351
MLS Listing,,Condo/Co-op,135 Pixley St #1,San Francisco,CA,94123,1115000,1,1.0,San Francisco,,2283,1890,4,,150,Active,,,http://www.redfin.com/CA/San-Francisco/135-Pixley-St-94123/unit-1/home/177164931,San Francisco MLS,421606221,N,Y,37.7985006,-122.4348023
MLS Listing,,Condo/Co-op,720 Moraga St #3,San Francisco,CA,94122,850000,1,1.0,San Francisco,788,,1955,4,1079,300,Active,,,http://www.redfin.com/CA/San-Francisco/720-Moraga-St-94122/unit-3/home/1778352,San Francisco MLS,421610341,N,Y,37.7566224,-122.4704964
MLS Listing,,Condo/Co-op,280 Spear St Unit 30A,San Francisco,CA,94105,2525000,2,2.0,San Francisco,1498,47916,,4,1686,1302,Active,,,http://www.redfin.com/CA/San-Francisco/280-Spear-St-94105/unit-30A/home/177164211,San Francisco MLS,421611174,N,Y,37.7901615,-122.3913352
MLS Listing,,Single Family Residential,2124 Funston Ave,SAN FRANCISCO,CA,94116,1788800,3,2.0,SAN FRANCISCO,1800,2996,1972,4,994,,Active,November-21-2021 01:00 PM,November-21-2021 04:00 PM,http://www.redfin.com/CA/San-Francisco/2124-Funston-Ave-94116/home/654188,MLSListings,ML81869875,N,Y,37.7484654,-122.4693356
MLS Listing,,Single Family Residential,2566 19th Ave,San Francisco,CA,94116,1098000,4,1.0,San Francisco,1830,2474,1932,4,600,,Active,,,http://www.redfin.com/CA/San-Francisco/2566-19th-Ave-94116/home/1147662,San Francisco MLS,421611063,N,Y,37.7399674,-122.4751398
MLS Listing,,Single Family Residential,608 Taraval St,San Francisco,CA,94116,1395000,3,1.5,San Francisco,2040,2818,1919,4,684,,Active,,,http://www.redfin.com/CA/San-Francisco/608-Taraval-St-94116/home/1612130,San Francisco MLS,421610336,N,Y,37.7433698,-122.472796
MLS Listing,,Single Family Residential,2670 15th Ave,San Francisco,CA,94127,1999000,4,2.5,San Francisco,2335,3345,1935,4,856,,Active,,,http://www.redfin.com/CA/San-Francisco/2670-15th-Ave-94127/home/964369,San Francisco MLS,421605120,N,Y,37.7382133,-122.4707728
MLS Listing,,Condo/Co-op,288 Union St #3,San Francisco,CA,94133,2495000,1,1.0,San Francisco,,1746,,5,,,Active,,,http://www.redfin.com/CA/San-Francisco/288-Union-St-94133/unit-3/home/177160396,San Francisco MLS,421610414,N,Y,37.8012732,-122.4039336
MLS Listing,,Condo/Co-op,555 4th St #501,San Francisco,CA,94107,998000,2,2.0,San Francisco,938,63237,,5,1064,689,Active,,,http://www.redfin.com/CA/San-Francisco/555-4th-St-94107/unit-501/home/12402320,San Francisco MLS,421611073,N,Y,37.7791203,-122.3971915
MLS Listing,,Condo/Co-op,88 Townsend St #307,San Francisco,CA,94107,799000,1,1.0,San Francisco,593,37623,2004,5,1347,554,Active,November-20-2021 02:00 PM,November-20-2021 04:00 PM,http://www.redfin.com/CA/San-Francisco/88-Townsend-St-94102/unit-307/home/12401587,San Francisco MLS,421602210,N,Y,37.7811985,-122.3906654
MLS Listing,,Multi-Family (5+ Unit),3375 22nd St,San Francisco,CA,94110,2800000,4,4.0,San Francisco,4140,2850,1941,5,676,,Active,,,http://www.redfin.com/CA/San-Francisco/3375-22nd-St-94110/home/1855481,San Francisco MLS,421610443,N,Y,37.7549585,-122.4226281
MLS Listing,,Condo/Co-op,75 Lily St #5,San Francisco,CA,94102,535000,1,1.0,San Francisco,,1649,,5,,225,Active,,,http://www.redfin.com/CA/San-Francisco/75-Lily-St-94102/unit-5/home/39604033,San Francisco MLS,421611078,N,Y,37.7745084,-122.4220609
MLS Listing,,Single Family Residential,162 Caine Ave,San Francisco,CA,94112,1485000,5,5.0,San Francisco,2385,2495,1963,5,623,,Active,November-16-2021 01:30 PM,November-16-2021 03:00 PM,http://www.redfin.com/CA/San-Francisco/162-Caine-Ave-94112/home/1215319,San Francisco MLS,421611071,N,Y,37.715628,-122.452296
MLS Listing,,Multi-Family (5+ Unit),1692 - 1698 Haight St,San Francisco,CA,94117,4950000,0,,San Francisco,8730,3280,1908,5,567,,Active,,,http://www.redfin.com/CA/San-Francisco/1692-Haight-St-94117/home/1580001,San Francisco MLS,421611059,N,Y,37.7698236,-122.4500815
MLS Listing,,Vacant Land,1699 Quint St,San Francisco,CA,94124,200000,0,,San Francisco,,4473,,5,,,Active,,,http://www.redfin.com/CA/San-Francisco/1699-Quint-St-94124/home/110063542,San Francisco MLS,421611056,N,Y,37.7352076,-122.3975757
MLS Listing,,Condo/Co-op,1170 Sacramento St Unit 14C,San Francisco,CA,94108,5495000,2,2.5,San Francisco,2027,2692,1963,5,2711,3226,Active,,,http://www.redfin.com/CA/San-Francisco/1170-Sacramento-St-94108/unit-14C/home/1810985,BAREIS,421609398,N,Y,37.7929056,-122.4121403
MLS Listing,,Single Family Residential,2750 Lake St,San Francisco,CA,94121,3900000,4,2.0,San Francisco,2788,3746,1916,5,1399,,Active,November-20-2021 01:00 PM,November-20-2021 04:00 PM,http://www.redfin.com/CA/San-Francisco/2750-Lake-St-94121/home/606215,San Francisco MLS,421609504,N,Y,37.7852909,-122.4891569
MLS Listing,,Single Family Residential,357 Howth St,San Francisco,CA,94112,995000,4,2.0,San Francisco,1812,2637,1908,5,549,,Active,November-17-2021 03:00 PM,November-17-2021 04:00 PM,http://www.redfin.com/CA/San-Francisco/357-Howth-St-94112/home/1704792,San Francisco MLS,421610882,N,Y,37.7189659,-122.4519211
MLS Listing,,Multi-Family (5+ Unit),328 Pennsylvania Ave,San Francisco,CA,94107,4095000,0,,San Francisco,,4164,1960,5,,,Active,,,http://www.redfin.com/CA/San-Francisco/328-Pennsylvania-Ave-94107/home/1679582,San Francisco MLS,421611005,N,Y,37.762099,-122.3938743
MLS Listing,,Condo/Co-op,94 Malta Dr,San Francisco,CA,94131,680000,0,2.0,San Francisco,1600,2476,1977,5,425,33,Active,November-16-2021 12:00 PM,November-16-2021 01:30 PM,http://www.redfin.com/CA/San-Francisco/94-Malta-Dr-94131/home/1202193,San Francisco MLS,421610971,N,Y,37.7364751,-122.4439821
MLS Listing,,Condo/Co-op,601 Van Ness Ave #931,San Francisco,CA,94102,530000,1,1.0,San Francisco,585,105806,1982,5,906,850,Active,,,http://www.redfin.com/CA/San-Francisco/601-Van-Ness-Ave-94102/unit-931/home/1984185,San Francisco MLS,421610943,N,Y,37.7811165,-122.4213309
MLS Listing,,Single Family Residential,2418 Great Highway Hwy,San Francisco,CA,94116,1695000,3,2.0,San Francisco,,2996,1954,5,,,Active,November-16-2021 01:00 PM,November-16-2021 02:30 PM,http://www.redfin.com/CA/San-Francisco/2418-Great-Hwy-94116/home/1307771,San Francisco MLS,421605992,N,Y,37.7412721,-122.5064204
MLS Listing,,Single Family Residential,4353 17th St,San Francisco,CA,94114,849000,1,1.0,San Francisco,,1123,1909,5,,,Active,,,http://www.redfin.com/CA/San-Francisco/4353-17th-St-94114/home/1299551,San Francisco MLS,421594283,N,Y,37.7619358,-122.4417445
MLS Listing,,Multi-Family (2-4 Unit),1824 Church St,San Francisco,CA,94131,2895000,7,5.0,San Francisco,3843,3123,1976,5,753,,Active,,,http://www.redfin.com/CA/San-Francisco/1824-Church-St-94131/unit-1828A/home/813754,San Francisco MLS,421607536,N,Y,37.7414836,-122.4270088
MLS Listing,,Single Family Residential,223 Theresa St,San Francisco,CA,94112,1095000,2,2.0,San Francisco,1285,2500,1953,6,852,,Active,,,http://www.redfin.com/CA/San-Francisco/223-Theresa-St-94112/home/1186231,MetroList,421610929,N,Y,37.7296787,-122.435864
MLS Listing,,Single Family Residential,1472 Sanchez St,San Francisco,CA,94131,1800000,3,2.0,Noe Valley,1662,2495,1909,6,1083,,Active,,,http://www.redfin.com/CA/San-Francisco/1472-Sanchez-St-94131/home/1631830,"bridgeMLS, Bay East AOR, or Contra Costa AOR",40973754,N,Y,37.7455944,-122.4293954
MLS Listing,,Single Family Residential,3966 18Th St #1,San Francisco,CA,94114,1350000,2,1.0,Noe Valley,1525,2848,1931,6,885,,Active,November-21-2021 01:00 PM,November-21-2021 03:00 PM,http://www.redfin.com/CA/San-Francisco/3966-18th-St-94114/unit-1/home/177152387,"bridgeMLS, Bay East AOR, or Contra Costa AOR",40973729,N,Y,37.7611708,-122.4321102
MLS Listing,,Single Family Residential,2647 38th Ave,SAN FRANCISCO,CA,94116,1195000,3,2.0,SAN FRANCISCO,1370,2996,1944,6,872,,Active,,,http://www.redfin.com/CA/San-Francisco/2647-38th-Ave-94116/home/664369,MLSListings,ML81869644,N,Y,37.7375214,-122.495998
MLS Listing,,Single Family Residential,4 College Ter,San Francisco,CA,94112,1595000,3,1.5,San Francisco,1700,1719,1915,6,938,,Active,,,http://www.redfin.com/CA/San-Francisco/4-College-Ter-94112/home/1504225,San Francisco MLS,421610575,N,Y,37.7345011,-122.4259653
MLS Listing,,Condo/Co-op,765 Market St Unit 30H,San Francisco,CA,94103,2495000,2,2.5,San Francisco,1402,60150,2001,6,1780,2579,Active,,,http://www.redfin.com/CA/San-Francisco/765-Market-St-94103/unit-30H/home/1482242,San Francisco MLS,421606112,N,Y,37.786097,-122.4041629
MLS Listing,,Condo/Co-op,140 S Van Ness Ave #428,San Francisco,CA,94103,725000,1,1.0,San Francisco,795,43147,2002,7,912,540,Active,,,http://www.redfin.com/CA/San-Francisco/140-S-Van-Ness-Ave-94103/unit-428/home/878077,BAREIS,421610464,N,Y,37.7716424,-122.4187147
MLS Listing,,Condo/Co-op,50 Jerrold Ave #206,San Francisco,CA,94124,549000,1,1.0,San Francisco,611,,2016,7,899,470,Active,,,http://www.redfin.com/CA/San-Francisco/50-Jerrold-Ave-94124/unit-206/home/144063947,"bridgeMLS, Bay East AOR, or Contra Costa AOR",40973662,N,Y,37.7277731,-122.3695061
MLS Listing,,Multi-Family (2-4 Unit),934 Lake St,SAN FRANCISCO,CA,94118,3250000,5,3.5,SAN FRANCISCO,3216,2696,1907,7,1011,,Active,,,http://www.redfin.com/CA/San-Francisco/934-Lake-St-94118/home/606805,MLSListings,ML81869567,N,Y,37.7866607,-122.4696318
MLS Listing,,Condo/Co-op,1688 Pine St Unit E1211,San Francisco,CA,94109,1875000,2,2.0,San Francisco,1139,35482,2016,7,1646,869,Active,,,http://www.redfin.com/CA/San-Francisco/1688-Pine-St-94109/unit-E1211/home/144063600,San Francisco MLS,421607661,N,Y,37.7895497,-122.4233697
MLS Listing,,Condo/Co-op,301 Main St Unit 18G,San Francisco,CA,94105,999000,1,1.0,San Francisco,806,76210,2008,7,1239,918,Active,,,http://www.redfin.com/CA/San-Francisco/301-Main-St-94105/unit-18G/home/21966841,San Francisco MLS,421610552,N,Y,37.7895974,-122.3911965
MLS Listing,,Condo/Co-op,85 Ora Way #207,San Francisco,CA,94131,430551,1,1.0,San Francisco,676,,1975,7,637,652,Active,,,http://www.redfin.com/CA/San-Francisco/85-Ora-Way-94131/unit-207/home/177146829,San Francisco MLS,421610498,N,Y,37.7406778,-122.4372133
MLS Listing,,Condo/Co-op,1902 Lyon St Unit C,San Francisco,CA,94115,1995000,2,2.5,San Francisco,1435,14529,1979,7,1390,699,Active,,,http://www.redfin.com/CA/San-Francisco/1902-Lyon-St-94115/unit-C/home/1332060,San Francisco MLS,421610308,N,Y,37.788694,-122.4455074
MLS Listing,,Condo/Co-op,2871 Clay St,San Francisco,CA,94115,2750000,3,2.0,San Francisco,1910,3188,1900,7,1440,,Active,,,http://www.redfin.com/CA/San-Francisco/2871-Clay-St-94115/home/22044990,San Francisco MLS,421604594,N,Y,37.7896744,-122.4402098
MLS Listing,,Condo/Co-op,875 California St Ph 2,San Francisco,CA,94108,6995000,3,2.5,San Francisco,1825,,2020,7,3833,2325,Active,,,http://www.redfin.com/CA/San-Francisco/875-California-St-94108/unit-2/home/177145451,San Francisco MLS,421610489,N,Y,37.7918051,-122.4087206
MLS Listing,,Single Family Residential,24 Costa St,SAN FRANCISCO,CA,94110,1398000,2,2.5,SAN FRANCISCO,1134,1955,1906,7,1233,,Active,,,http://www.redfin.com/CA/San-Francisco/24-Costa-St-94110/home/2037429,MLSListings,ML81869529,N,Y,37.744855,-122.4066247
MLS Listing,,Condo/Co-op,1440 Broadway St #302,San Francisco,CA,94109,895000,1,1.0,San Francisco,777,12448,1982,7,1152,704,Active,,,http://www.redfin.com/CA/San-Francisco/1440-Broadway-94109/unit-302/home/874239,BAREIS,421609760,N,Y,37.7962646,-122.4208442
MLS Listing,,Condo/Co-op,10 Innes Ct #201,San Francisco,CA,94124,598888,1,1.0,San Francisco,744,13880,2018,7,805,531,Active,,,http://www.redfin.com/CA/San-Francisco/10-Innes-Ct-94124/unit-201/home/169576559,San Francisco MLS,421610471,N,Y,37.7280682,-122.3679965
MLS Listing,,Multi-Family (5+ Unit),2501 Van Ness Ave,San Francisco,CA,94109,3950000,0,,San Francisco,9741,3693,1906,7,406,,Active,,,http://www.redfin.com/CA/San-Francisco/2501-Van-Ness-Ave-94109/home/174700380,San Francisco MLS,421610469,N,Y,37.7986633,-122.4242964
MLS Listing,,Condo/Co-op,1333 Jones St #1510,San Francisco,CA,94109,2698000,2,2.0,San Francisco,,,1961,7,,2315,Active,,,http://www.redfin.com/CA/San-Francisco/1333-Jones-St-94109/unit-1510/home/12399936,San Francisco MLS,421610447,N,Y,37.793648,-122.4149043
MLS Listing,,Condo/Co-op,388 Fulton #504,SAN FRANCISCO,CA,94102,599000,0,1.0,SAN FRANCISCO,375,,2015,7,1597,462,Active,,,http://www.redfin.com/CA/San-Francisco/388-Fulton-St-94102/unit-504/home/144063612,MLSListings,ML81869518,N,Y,37.7790326,-122.4231449
MLS Listing,,Condo/Co-op,1168 Fell St,San Francisco,CA,94117,1295000,3,2.5,San Francisco,,3438,2001,7,,,Active,,,http://www.redfin.com/CA/San-Francisco/1168-Fell-St-94117/home/177142397,San Francisco MLS,421609302,N,Y,37.774338,-122.4370976
MLS Listing,,Single Family Residential,665 Pacheco St,San Francisco,CA,94116,1595000,2,1.5,San Francisco,1321,3101,1954,8,1207,,Active,,,http://www.redfin.com/CA/San-Francisco/665-Pacheco-St-94116/home/1022876,San Francisco MLS,421610157,N,Y,37.7512628,-122.4673234
MLS Listing,,Single Family Residential,2855 Bryant St,San Francisco,CA,94110,1795000,3,2.5,San Francisco,1944,2495,1922,9,923,,Active,,,http://www.redfin.com/CA/San-Francisco/2855-Bryant-St-94110/home/1784229,San Francisco MLS,421609709,N,Y,37.7488713,-122.4085658
MLS Listing,,Condo/Co-op,338 Main St Unit 3G,San Francisco,CA,94105,2029000,2,2.0,San Francisco,1401,75406,2016,9,1448,1254,Active,,,http://www.redfin.com/CA/San-Francisco/338-Main-St-94105/unit-3G/home/109278645,San Francisco MLS,421609771,N,Y,37.7886733,-122.3914178
MLS Listing,,Condo/Co-op,2224 Castro St,San Francisco,CA,94131,1225000,3,2.0,San Francisco,1254,2000,2011,9,977,313,Active,,,http://www.redfin.com/CA/San-Francisco/2224-Castro-St-94131/home/109684944,San Francisco MLS,421608138,N,Y,37.7436266,-122.4336276
MLS Listing,,Condo/Co-op,554 Wisconsin St,San Francisco,CA,94107,1327000,2,2.0,San Francisco,1150,79531,1978,9,1154,950,Active,,,http://www.redfin.com/CA/San-Francisco/554-Wisconsin-St-94107/home/1896008,San Francisco MLS,421601586,N,Y,37.760495,-122.399607
MLS Listing,,Single Family Residential,5 Carpenter Ct,San Francisco,CA,94124,995000,3,2.5,San Francisco,2015,1675,1990,9,494,175,Active,,,http://www.redfin.com/CA/San-Francisco/5-Carpenter-Ct-94124/home/1911919,San Francisco MLS,421610280,N,Y,37.734667,-122.385357
MLS Listing,,Multi-Family (2-4 Unit),4320 - 4322 18th St,San Francisco,CA,94114,1598000,2,1.5,San Francisco,1970,1900,1897,9,811,,Active,,,http://www.redfin.com/CA/San-Francisco/4320-18th-St-94114/home/671989,San Francisco MLS,421609763,N,Y,37.7609213,-122.4376201
MLS Listing,,Condo/Co-op,699 Pennsylvania Ave #4,San Francisco,CA,94107,699995,1,1.5,San Francisco,896,4500,2001,10,781,610,Active,November-16-2021 02:30 PM,November-16-2021 04:00 PM,http://www.redfin.com/CA/San-Francisco/699-Pennsylvania-Ave-94107/unit-4/home/12397780,San Francisco MLS,421610268,N,Y,37.7578059,-122.3928782
MLS Listing,,Single Family Residential,166 Prague St,San Francisco,CA,94112-2843,1180000,4,2.0,Excelsior,1819,2500,1928,10,649,,Active,,,http://www.redfin.com/CA/San-Francisco/166-Prague-St-94112/home/1327799,"bridgeMLS, Bay East AOR, or Contra Costa AOR",40973546,N,Y,37.7195638,-122.4270338
MLS Listing,,Single Family Residential,40 Acton St,DALY CITY,CA,94014,950000,2,1.0,DALY CITY,1040,3100,1927,10,913,,Active,,,http://www.redfin.com/CA/Daly-City/40-Acton-St-94014/home/1739153,MLSListings,ML81869424,N,Y,37.7082156,-122.4526506
MLS Listing,,Single Family Residential,37 Stanley St,San Francisco,CA,94132,1180000,5,4.0,Ingelside Height,1557,2739,1957,10,758,,Active,,,http://www.redfin.com/CA/San-Francisco/37-Stanley-St-94132/home/2014888,"bridgeMLS, Bay East AOR, or Contra Costa AOR",40973538,N,Y,37.7123682,-122.4633487
MLS Listing,,Single Family Residential,534 46th Ave,San Francisco,CA,94121,2495000,5,3.5,San Francisco,2508,3360,1906,10,995,,Active,,,http://www.redfin.com/CA/San-Francisco/534-46th-Ave-94121/home/1476659,San Francisco MLS,421610191,N,Y,37.7783212,-122.5069302
MLS Listing,,Condo/Co-op,301 Main St Unit 35F,SAN FRANCISCO,CA,94105,2150000,2,2.0,SAN FRANCISCO,1323,,2008,10,1625,991,Active,,,http://www.redfin.com/CA/San-Francisco/301-Main-St-94105/unit-35F/home/21966905,MLSListings,ML81869380,N,Y,37.7895974,-122.3911965
MLS Listing,,Single Family Residential,845 Woolsey St,SAN FRANCISCO,CA,94134,1188000,2,1.0,SAN FRANCISCO,1012,1873,1947,10,1174,,Active,,,http://www.redfin.com/CA/San-Francisco/845-Woolsey-St-94134/home/1696180,MLSListings,ML81869053,N,Y,37.7231089,-122.4101919
MLS Listing,,Single Family Residential,2130 35th Ave,San Francisco,CA,94116,1895000,4,2.0,San Francisco,1580,2996,1939,10,1199,,Active,,,http://www.redfin.com/CA/San-Francisco/2130-35th-Ave-94116/home/650568,San Francisco MLS,421608548,N,Y,37.7472765,-122.492882
MLS Listing,,Multi-Family (2-4 Unit),1764 - 1766 Oakdale Ave,San Francisco,CA,94124,1195000,5,4.0,San Francisco,2525,2482,,10,473,,Active,,,http://www.redfin.com/CA/San-Francisco/1764-Oakdale-Ave-94124/home/1997482,San Francisco MLS,421609703,N,Y,37.73654,-122.393237
MLS Listing,,Condo/Co-op,559 Burnett Ave #200,San Francisco,CA,94131,1200000,3,2.0,San Francisco,1524,2188,1989,10,787,300,Active,,,http://www.redfin.com/CA/San-Francisco/559-Burnett-Ave-94131/unit-200/home/2016578,San Francisco MLS,421609704,N,Y,37.75228,-122.44433
MLS Listing,,Single Family Residential,920 Cayuga Ave,San Francisco,CA,94112,1899000,7,5.0,San Francisco,2837,4375,1915,10,669,,Active,,,http://www.redfin.com/CA/San-Francisco/920-Cayuga-Ave-94112/home/1776167,San Francisco MLS,421609534,N,Y,37.7231661,-122.4393587
MLS Listing,,Condo/Co-op,3049 Market St,San Francisco,CA,94114,995000,3,1.0,San Francisco,1125,,1904,10,884,300,Active,November-16-2021 12:30 PM,November-16-2021 02:00 PM,http://www.redfin.com/CA/San-Francisco/3049-Market-St-94114/home/173336266,San Francisco MLS,421609566,N,Y,37.7608848,-122.4421456
MLS Listing,,Condo/Co-op,333 Beale St Unit 8F,San Francisco,CA,94105,1180000,0,1.0,San Francisco,920,75406,2015,10,1283,1200,Active,,,http://www.redfin.com/CA/San-Francisco/333-Beale-St-94105/unit-8F/home/109684910,San Francisco MLS,421609775,N,Y,37.7884937,-122.3918797
MLS Listing,,Single Family Residential,1350 Ortega St,San Francisco,CA,94122,1295000,2,1.0,San Francisco,1100,1899,1951,10,1177,,Active,,,http://www.redfin.com/CA/San-Francisco/1350-Ortega-St-94122/home/1620137,San Francisco MLS,421608993,N,Y,37.7524488,-122.4783347
MLS Listing,,Multi-Family (5+ Unit),565 Ellis St,San Francisco,CA,94109,3800000,0,,San Francisco,7052,2345,1922,10,539,,Active,,,http://www.redfin.com/CA/San-Francisco/565-Ellis-St-94109/home/1407842,San Francisco MLS,421609772,N,Y,37.7843938,-122.4157529
MLS Listing,,Single Family Residential,365 Seneca Ave,San Francisco,CA,94112,1098000,3,3.0,San Francisco,1486,2500,,10,739,,Active,,,http://www.redfin.com/CA/San-Francisco/365-Seneca-Ave-94112/home/1769438,San Francisco MLS,421609088,N,Y,37.7214672,-122.4457286
MLS Listing,,Condo/Co-op,221 Noe St #5,San Francisco,CA,94114,1125000,2,1.0,San Francisco,830,5000,1908,10,1355,415,Active,,,http://www.redfin.com/CA/San-Francisco/221-Noe-St-94114/unit-5/home/21999917,BAREIS,421609518,N,Y,37.7655299,-122.4328558
MLS Listing,,Condo/Co-op,1242 Francisco St #2,San Francisco,CA,94123,2095000,2,2.0,San Francisco,1800,4125,1924,10,1164,411,Active,,,http://www.redfin.com/CA/San-Francisco/1242-Francisco-St-94123/unit-2/home/1554517,San Francisco MLS,421607379,N,Y,37.8033121,-122.4258392
MLS Listing,,Single Family Residential,467 Los Palmos Dr,San Francisco,CA,94127,1095000,2,1.0,San Francisco,1235,2495,1947,10,887,,Active,,,http://www.redfin.com/CA/San-Francisco/467-Los-Palmos-Dr-94127/home/1082567,San Francisco MLS,421602573,N,Y,37.7343659,-122.4521228
MLS Listing,,Condo/Co-op,3324 - 3330 19th St Unit 3324A,San Francisco,CA,94110,349000,1,1.0,San Francisco,380,2696,,10,918,372,Active,November-18-2021 05:30 PM,November-18-2021 06:30 PM,http://www.redfin.com/CA/San-Francisco/3324-19th-St-94110/unit-3324A/home/177084017,San Francisco MLS,421609513,N,Y,37.7605405,-122.417664
MLS Listing,,Condo/Co-op,2600 18th St #16,San Francisco,CA,94110,749000,1,1.5,San Francisco,804,10320,1999,10,932,468,Active,,,http://www.redfin.com/CA/San-Francisco/2600-18th-St-94110/unit-16/home/1978234,San Francisco MLS,421608751,N,Y,37.7621059,-122.4084551
MLS Listing,,Condo/Co-op,201 Folsom St Unit 15F,San Francisco,CA,94105,1720000,2,2.0,San Francisco,1191,75406,2016,10,1444,1214,Active,,,http://www.redfin.com/CA/San-Francisco/201-Folsom-St-94105/unit-15F/home/137677601,San Francisco MLS,421609758,N,Y,37.7891848,-122.3919008
MLS Listing,,Condo/Co-op,594 Lombard St,San Francisco,CA,94133,1995000,3,3.5,San Francisco,2625,2395,1926,10,760,,Active,November-16-2021 09:30 AM,November-16-2021 10:30 AM,http://www.redfin.com/CA/San-Francisco/594-Lombard-St-94133/home/146440886,San Francisco MLS,421591910,N,Y,37.8031727,-122.4111661
MLS Listing,,Single Family Residential,7 Seymour St,San Francisco,CA,94115,3750000,5,5.0,San Francisco,3281,2247,1869,10,1143,,Active,,,http://www.redfin.com/CA/San-Francisco/7-Seymour-St-94115/home/593757,San Francisco MLS,421588715,N,Y,37.7793527,-122.4380503
MLS Listing,,Single Family Residential,1075 Bowdoin Ave,San Francisco,CA,94134,895000,2,1.0,San Francisco,756,1751,1950,10,1184,,Active,,,http://www.redfin.com/CA/San-Francisco/1075-Bowdoin-St-94134/home/897816,San Francisco MLS,421609275,N,Y,37.7225819,-122.4089972
MLS Listing,,Single Family Residential,11 Mars St,San Francisco,CA,94114,1695000,6,4.0,San Francisco,2946,2230,1909,10,575,,Active,,,http://www.redfin.com/CA/San-Francisco/11-Mars-St-94114/home/2013459,San Francisco MLS,421609752,N,Y,37.7616176,-122.4442963
MLS Listing,,Single Family Residential,491 Dewey Blvd,San Francisco,CA,94116,1795000,3,3.0,San Francisco,1869,5000,1923,10,960,,Active,,,http://www.redfin.com/CA/San-Francisco/491-Dewey-Blvd-94116/home/1230322,San Francisco MLS,421609049,N,Y,37.7456698,-122.4608554
MLS Listing,,Multi-Family (2-4 Unit),653 Kansas St,San Francisco,CA,94107,1595000,6,,San Francisco,2720,2996,1921,10,586,,Active,November-16-2021 02:30 PM,November-16-2021 04:00 PM,http://www.redfin.com/CA/San-Francisco/653-Kansas-St-94107/home/728579,San Francisco MLS,421609527,N,Y,37.7614572,-122.4030234
MLS Listing,,Single Family Residential,1566 19th St,San Francisco,CA,94107,1995000,2,2.0,San Francisco,,1750,,10,,,Active,,,http://www.redfin.com/CA/San-Francisco/1566-19th-St-94107/home/936036,San Francisco MLS,421608075,N,Y,37.7613144,-122.3981556
MLS Listing,,Single Family Residential,521 Cayuga Ave,San Francisco,CA,94112,1259000,2,1.5,San Francisco,1500,2265,,10,839,,Active,,,http://www.redfin.com/CA/San-Francisco/521-Cayuga-Ave-94112/home/812038,San Francisco MLS,421609559,N,Y,37.7288549,-122.4353099
MLS Listing,,Single Family Residential,611 Cayuga Ave,San Francisco,CA,94122,1395000,3,2.0,San Francisco,2234,1990,1937,10,624,,Active,November-16-2021 02:30 PM,November-16-2021 03:30 PM,http://www.redfin.com/CA/San-Francisco/611-Cayuga-Ave-94112/home/2001651,San Francisco MLS,421607606,N,Y,37.7283202,-122.4357715
MLS Listing,,Single Family Residential,143 Dublin St,San Francisco,CA,94112,1095000,4,2.0,San Francisco,1350,3044,1948,10,811,,Active,,,http://www.redfin.com/CA/San-Francisco/143-Dublin-St-94112/home/1141416,San Francisco MLS,421607008,N,Y,37.7177878,-122.4267175
MLS Listing,,Single Family Residential,245 Pixley St,San Francisco,CA,94123,3380000,3,2.5,San Francisco,2037,1334,1907,10,1659,,Active,,,http://www.redfin.com/CA/San-Francisco/245-Pixley-St-94123/home/1251532,San Francisco MLS,421609726,N,Y,37.7982809,-122.4364833
MLS Listing,,Single Family Residential,2271 21st Ave,San Francisco,CA,94116,1295000,3,2.0,San Francisco,1806,3000,1940,10,717,,Active,,,http://www.redfin.com/CA/San-Francisco/2271-21st-Ave-94116/home/2008178,San Francisco MLS,421609505,N,Y,37.7453648,-122.4783126
MLS Listing,,Single Family Residential,2665 Laguna St,SAN FRANCISCO,CA,94123,3995000,8,7.5,SAN FRANCISCO,4200,3009,1900,10,951,,Active,,,http://www.redfin.com/CA/San-Francisco/2665-Laguna-St-94123/home/564898,MLSListings,ML81869257,N,Y,37.795682,-122.430457
MLS Listing,,Single Family Residential,424 Dewey Blvd,San Francisco,CA,94116,1995000,4,3.5,San Francisco,2125,3750,1921,10,939,58,Active,,,http://www.redfin.com/CA/San-Francisco/424-Dewey-Blvd-94116/home/1102164,San Francisco MLS,421605535,N,Y,37.7470863,-122.4598824
MLS Listing,,Condo/Co-op,2568 Sutter St,San Francisco,CA,94115,1895000,4,2.5,San Francisco,1816,3438,,10,1044,200,Active,,,http://www.redfin.com/CA/San-Francisco/2568-Sutter-St-94115/home/28938820,San Francisco MLS,421608524,N,Y,37.785107,-122.4426707
MLS Listing,,Single Family Residential,811 26th Ave,San Francisco,CA,94121,1750000,4,2.0,San Francisco,1795,2750,1921,10,975,,Active,November-21-2021 01:00 PM,November-21-2021 03:00 PM,http://www.redfin.com/CA/San-Francisco/811-26th-Ave-94121/home/1531154,San Francisco MLS,421608750,N,Y,37.774119,-122.4856602
MLS Listing,,Single Family Residential,531 20th Ave,San Francisco,CA,94121,1199000,2,1.0,San Francisco,2050,2996,1913,10,585,,Active,,,http://www.redfin.com/CA/San-Francisco/531-20th-Ave-94121/home/2030978,San Francisco MLS,421609545,N,Y,37.7777925,-122.4794181
MLS Listing,,Multi-Family (5+ Unit),1990 Filbert St,San Francisco,CA,94123,3995000,8,4.0,San Francisco,5511,2234,1960,10,725,,Active,,,http://www.redfin.com/CA/San-Francisco/1990-Filbert-St-94123/home/1498495,San Francisco MLS,421609034,N,Y,37.7986365,-122.4322939
MLS Listing,,Condo/Co-op,2856 25th St,San Francisco,CA,94110,695000,2,1.0,San Francisco,,2448,1916,11,,310,Active,,,http://www.redfin.com/CA/San-Francisco/2856-25th-St-94110/home/12338430,San Francisco MLS,421609135,N,Y,37.7514557,-122.4073439
MLS Listing,,Condo/Co-op,230 7th St Unit G8,San Francisco,CA,94103,1088000,2,2.0,San Francisco,1048,,,11,1038,442,Active,,,http://www.redfin.com/CA/San-Francisco/230-7th-St-94103/unit-G8/home/177080354,San Francisco MLS,421609539,N,Y,37.777295,-122.409123
MLS Listing,,Condo/Co-op,1047 Mississippi St #5,San Francisco,CA,94107,724888,1,1.5,San Francisco,777,5000,2001,11,933,460,Active,,,http://www.redfin.com/CA/San-Francisco/1047-Mississippi-St-94107/unit-5/home/12397472,San Francisco MLS,421609137,N,Y,37.7531721,-122.3934757
MLS Listing,,Condo/Co-op,566 South Van Ness Ave #17,San Francisco,CA,94110,995000,2,2.0,San Francisco,963,12255,2007,11,1033,701,Active,,,http://www.redfin.com/CA/San-Francisco/566-S-Van-Ness-Ave-94110/unit-17/home/17306703,San Francisco MLS,421609523,N,Y,37.763992,-122.41782
MLS Listing,,Condo/Co-op,1450 Franklin St #504,San Francisco,CA,94109,925000,1,1.0,San Francisco,699,12318,2017,11,1323,746,Active,,,http://www.redfin.com/CA/San-Francisco/1450-Franklin-St-94109/unit-504/home/167259437,San Francisco MLS,421609102,N,Y,37.7881104,-122.4232776
MLS Listing,,Multi-Family (2-4 Unit),1782 - 1784 39th Ave,San Francisco,CA,94122,1495000,4,1.0,San Francisco,2574,2121,1950,11,581,,Active,,,http://www.redfin.com/CA/San-Francisco/1782-39th-Ave-94122/home/1964836,San Francisco MLS,421609514,N,Y,37.7536582,-122.4976593
MLS Listing,,Single Family Residential,985 San Bruno Ave,San Francisco,CA,94110,995000,2,1.0,San Francisco,,,,11,,,Active,,,http://www.redfin.com/CA/San-Francisco/985-San-Bruno-Ave-94110/home/1895992,San Francisco MLS,421609569,N,Y,37.7571705,-122.4045833
MLS Listing,,Condo/Co-op,230 7th St Unit B3,San Francisco,CA,94103,748000,1,1.0,San Francisco,726,,,11,1030,412,Active,,,http://www.redfin.com/CA/San-Francisco/230-7th-St-94103/unit-B3/home/177080353,San Francisco MLS,421609529,N,Y,37.777295,-122.409123
MLS Listing,,Condo/Co-op,675 Cole St #1,San Francisco,CA,94117,819000,2,1.0,San Francisco,,4238,1961,11,,380,Active,,,http://www.redfin.com/CA/San-Francisco/675-Cole-St-94117/unit-1/home/114066330,San Francisco MLS,421609191,N,Y,37.76874,-122.4508046
MLS Listing,,Multi-Family (5+ Unit),646 Washington St,San Francisco,CA,94111,4250000,0,,San Francisco,18128,4560,1909,11,234,,Active,,,http://www.redfin.com/CA/San-Francisco/646-Washington-St-94111/home/174699889,San Francisco MLS,421609508,N,Y,37.795618,-122.40437
MLS Listing,,Vacant Land,8 San Lorenzo Way,San Francisco,CA,94127,2100000,0,,San Francisco,,4002,,11,,,Active,,,http://www.redfin.com/CA/San-Francisco/8-San-Lorenzo-Way-94127/home/52055577,San Francisco MLS,421585876,N,Y,37.739708,-122.4643433
MLS Listing,,Single Family Residential,206 Justin Dr,San Francisco,CA,94112,2795000,4,4.0,San Francisco,2110,3223,1929,11,1325,,Active,,,http://www.redfin.com/CA/San-Francisco/206-Justin-Dr-94112/home/764701,San Francisco MLS,421605539,N,Y,37.7329039,-122.4221052
MLS Listing,,Single Family Residential,527 9th Ave,San Francisco,CA,94118,1498000,3,1.5,San Francisco,1825,2996,1911,11,821,,Active,,,http://www.redfin.com/CA/San-Francisco/527-9th-Ave-94118/home/615098,San Francisco MLS,421609136,N,Y,37.7783884,-122.4675224
MLS Listing,,Condo/Co-op,230 7th St Unit D3,San Francisco,CA,94103,748000,1,1.0,San Francisco,714,,,11,1048,411,Active,,,http://www.redfin.com/CA/San-Francisco/230-7th-St-94103/unit-D3/home/177080352,San Francisco MLS,421609535,N,Y,37.777295,-122.409123
MLS Listing,,Single Family Residential,2256 Cabrillo St,San Francisco,CA,94121,3295000,5,4.5,San Francisco,3506,1881,1917,11,940,,Active,,,http://www.redfin.com/CA/San-Francisco/2256-Cabrillo-St-94121/home/618857,San Francisco MLS,421609452,N,Y,37.774718,-122.4831132
MLS Listing,,Single Family Residential,443 Crestmont Dr,San Francisco,CA,94131,1695000,3,2.5,San Francisco,2659,2362,1972,11,637,33,Active,,,http://www.redfin.com/CA/San-Francisco/443-Crestmont-Dr-94131/home/669392,San Francisco MLS,421589009,N,Y,37.7586859,-122.4604131
MLS Listing,,Condo/Co-op,31 - A Cortland Ave,San Francisco,CA,94110,1050000,2,2.5,San Francisco,995,2000,1905,11,1055,170,Active,,,http://www.redfin.com/CA/San-Francisco/31-Cortland-Ave-94110/unit-33A/home/1671451,San Francisco MLS,421609465,N,Y,37.7408964,-122.4219869
MLS Listing,,Condo/Co-op,44 Macondray Ln Unit 2W,San Francisco,CA,94133,1495000,2,2.0,San Francisco,1305,7082,1980,11,1146,1171,Active,,,http://www.redfin.com/CA/San-Francisco/44-Macondray-Ln-94133/unit-2W/home/540434,San Francisco MLS,421607580,N,Y,37.799381,-122.4148115
MLS Listing,,Condo/Co-op,670 Waller St,San Francisco,CA,94117,1150000,2,1.0,San Francisco,,3436,1923,11,,254,Active,November-16-2021 11:30 AM,November-16-2021 01:00 PM,http://www.redfin.com/CA/San-Francisco/670-Waller-St-94117/home/177080351,San Francisco MLS,421609510,N,Y,37.7707235,-122.4347032
MLS Listing,,Single Family Residential,1195 Palou Ave,San Francisco,CA,94124,975000,6,3.0,San Francisco,1489,2500,1919,11,655,,Active,,,http://www.redfin.com/CA/San-Francisco/1195-Palou-Ave-94124/home/1906228,San Francisco MLS,421609516,N,Y,37.7294933,-122.3834705
MLS Listing,,Single Family Residential,1219 12th Ave,San Francisco,CA,94122,2395000,4,3.0,San Francisco,2168,2996,1910,11,1105,,Active,,,http://www.redfin.com/CA/San-Francisco/1219-12th-Ave-94122/home/628339,San Francisco MLS,421609447,N,Y,37.7652753,-122.4698331
MLS Listing,,Single Family Residential,1643 Kirkwood Ave,San Francisco,CA,94124,950000,5,2.5,San Francisco,1800,2495,1913,11,528,,Active,,,http://www.redfin.com/CA/San-Francisco/1643-Kirkwood-Ave-94124/home/1240299,San Francisco MLS,421609512,N,Y,37.7384646,-122.3909762
MLS Listing,,Condo/Co-op,156 Divisadero St,San Francisco,CA,94117,899000,1,1.0,San Francisco,818,2205,1942,11,1099,246,Active,November-16-2021 12:30 PM,November-16-2021 02:00 PM,http://www.redfin.com/CA/San-Francisco/156-Divisadero-St-94117/home/1853383,San Francisco MLS,421605430,N,Y,37.769791,-122.43649
MLS Listing,,Condo/Co-op,230 7th St Unit G5,San Francisco,CA,94103,1173000,2,2.0,San Francisco,1048,,,11,1119,495,Active,,,http://www.redfin.com/CA/San-Francisco/230-7th-St-94103/unit-G5/home/177080350,San Francisco MLS,421609553,N,Y,37.777295,-122.409123
MLS Listing,,Condo/Co-op,821 Folsom St #204,San Francisco,CA,94107,995000,2,2.0,San Francisco,1101,28875,2004,11,904,677,Active,,,http://www.redfin.com/CA/San-Francisco/821-Folsom-St-94107/unit-204/home/12401824,San Francisco MLS,421609432,N,Y,37.7814547,-122.4014635
MLS Listing,,Condo/Co-op,52 Innes Ct #203,San Francisco,CA,94124,599000,1,1.0,San Francisco,670,19794,2017,11,894,460,Active,,,http://www.redfin.com/CA/San-Francisco/52-Innes-Ct-94124/unit-203/home/160918376,San Francisco MLS,421609550,N,Y,37.7276224,-122.3674287
MLS Listing,,Single Family Residential,2638 46th Ave,San Francisco,CA,94116,1095000,2,1.0,San Francisco,1150,3000,1941,11,952,,Active,,,http://www.redfin.com/CA/San-Francisco/2638-46th-Ave-94116/home/1138595,San Francisco MLS,421609526,N,Y,37.7373024,-122.5041191
MLS Listing,,Single Family Residential,674 3rd Ave,San Francisco,CA,94118,1995000,5,3.0,San Francisco,2776,2996,1905,11,719,,Active,November-16-2021 11:30 AM,November-16-2021 01:00 PM,http://www.redfin.com/CA/San-Francisco/674-3rd-Ave-94118/home/620853,San Francisco MLS,421608796,N,Y,37.7760097,-122.4604463
MLS Listing,,Single Family Residential,2678 22nd Ave,San Francisco,CA,94116,1195000,2,1.0,San Francisco,1420,2996,1930,11,842,,Active,,,http://www.redfin.com/CA/San-Francisco/2678-22nd-Ave-94116/home/1819829,San Francisco MLS,421609328,N,Y,37.7377444,-122.4783679
MLS Listing,,Single Family Residential,1690 22nd Ave,San Francisco,CA,94122,1395000,3,2.0,San Francisco,1975,2374,1948,11,706,,Active,,,http://www.redfin.com/CA/San-Francisco/1690-22nd-Ave-94122/home/1596044,San Francisco MLS,421609475,N,Y,37.7561976,-122.479606
MLS Listing,,Single Family Residential,4331 18th St,San Francisco,CA,94114,2785000,3,2.5,San Francisco,2060,1873,1900,11,1352,,Active,,,http://www.redfin.com/CA/San-Francisco/4331-18th-St-94114/home/1351571,San Francisco MLS,421609257,N,Y,37.7605641,-122.4379038
MLS Listing,,Single Family Residential,262 Polaris Way,Daly City,CA,94014,1098000,3,2.0,Daly City,1790,3234,1961,11,613,,Active,,,http://www.redfin.com/CA/Daly-City/262-Polaris-Way-94014/home/1893111,San Francisco MLS,421590589,N,Y,37.7080287,-122.4375464
MLS Listing,,Single Family Residential,1200 33rd Ave,San Francisco,CA,94122,1695000,3,1.5,San Francisco,2820,2247,1924,11,601,,Active,,,http://www.redfin.com/CA/San-Francisco/1200-33rd-Ave-94122/home/623833,San Francisco MLS,421609440,N,Y,37.7646441,-122.4919974
MLS Listing,,Condo/Co-op,242 Richland Ave,San Francisco,CA,94110,998000,2,1.0,San Francisco,1205,,1907,11,828,317,Active,November-16-2021 02:30 PM,November-16-2021 04:00 PM,http://www.redfin.com/CA/San-Francisco/242-Richland-Ave-94110/home/173337874,San Francisco MLS,421599192,N,Y,37.7357807,-122.4219196
MLS Listing,,Condo/Co-op,550 South Van Ness Ave #109,San Francisco,CA,94110,699000,1,1.0,San Francisco,,13130,1992,11,,510,Active,November-16-2021 02:30 PM,November-16-2021 04:00 PM,http://www.redfin.com/CA/San-Francisco/550-S-Van-Ness-Ave-94110/unit-109/home/708862,San Francisco MLS,421607614,N,Y,37.764336,-122.4179396
MLS Listing,,Single Family Residential,396 Somerset St,San Francisco,CA,94134,899000,2,1.0,San Francisco,1300,1750,1926,11,692,,Active,,,http://www.redfin.com/CA/San-Francisco/396-Somerset-St-94134/home/1712395,San Francisco MLS,421608702,N,Y,37.7266556,-122.4078025
MLS Listing,,Condo/Co-op,3627 Anza St,San Francisco,CA,94121,1099000,2,1.0,San Francisco,1316,3746,1924,11,835,,Active,,,http://www.redfin.com/CA/San-Francisco/3627-Anza-St-94121/home/177080349,San Francisco MLS,421609096,N,Y,37.7779316,-122.4872661
MLS Listing,,Single Family Residential,1675 29th Ave,San Francisco,CA,94122,1595000,6,3.0,San Francisco,2053,3000,1940,11,777,,Active,,,http://www.redfin.com/CA/San-Francisco/1675-29th-Ave-94122/home/1229320,San Francisco MLS,421609168,N,Y,37.7561163,-122.4875759
MLS Listing,,Condo/Co-op,3625 Anza St,San Francisco,CA,94121,995000,2,1.0,San Francisco,1131,3746,1924,11,880,,Active,,,http://www.redfin.com/CA/San-Francisco/3625-Anza-St-94121/home/912127,San Francisco MLS,421609071,N,Y,37.7778103,-122.4871998
MLS Listing,,Single Family Residential,162 Byxbee St,SAN FRANCISCO,CA,94132,1199950,3,2.0,SAN FRANCISCO,1378,2495,1942,11,871,,Active,,,http://www.redfin.com/CA/San-Francisco/162-Byxbee-St-94132/home/1829697,MLSListings,ML81869233,N,Y,37.7172502,-122.469623
MLS Listing,,Condo/Co-op,8200 Oceanview Ter #222,SAN FRANCISCO,CA,94132,749000,2,2.0,SAN FRANCISCO,950,,2002,11,788,697,Active,,,http://www.redfin.com/CA/San-Francisco/8200-Oceanview-Ter-94132/unit-222/home/2035333,MLSListings,ML81869102,N,Y,37.7099731,-122.4675313
MLS Listing,,Multi-Family (2-4 Unit),626 - 628 Cortland Ave,San Francisco,CA,94110,1695000,2,,San Francisco,1900,1467,1926,12,892,,Active,,,http://www.redfin.com/CA/San-Francisco/626-Cortland-Ave-94110/home/114080484,San Francisco MLS,421609378,N,Y,37.7388182,-122.4154352
MLS Listing,,Condo/Co-op,30 - 34A Wayne Pl Unit 32A,San Francisco,CA,94133,699000,2,1.0,San Francisco,712,,1906,12,982,295,Active,,,http://www.redfin.com/CA/San-Francisco/30-Wayne-Pl-94133/unit-32A/home/176583012,San Francisco MLS,421609375,N,Y,37.7967954,-122.4109333
MLS Listing,,Single Family Residential,1475 - 77 5th Ave,San Francisco,CA,94122,2495000,5,3.5,San Francisco,2699,2996,1909,12,924,,Active,,,http://www.redfin.com/CA/San-Francisco/1475-5th-Ave-94122/home/177053081,San Francisco MLS,421608892,N,Y,37.7609931,-122.4620163
MLS Listing,,Single Family Residential,115 Ocean Ave,San Francisco,CA,94112,998950,3,1.0,San Francisco,1200,2212,1923,12,832,,Active,,,http://www.redfin.com/CA/San-Francisco/115-Ocean-Ave-94112/home/1704686,San Francisco MLS,421609356,N,Y,37.7234151,-122.4392948
MLS Listing,,Condo/Co-op,813 Lyon St #1,San Francisco,CA,94115,1795000,3,3.5,San Francisco,2020,,2021,12,889,410,Active,November-16-2021 11:30 AM,November-16-2021 01:00 PM,http://www.redfin.com/CA/San-Francisco/813-Lyon-St-94115/unit-1/home/176239129,San Francisco MLS,421608197,N,Y,37.7786056,-122.4438265
MLS Listing,,Condo/Co-op,489 Harrison St #301,San Francisco,CA,94105,1688000,3,2.5,San Francisco,1551,56024,2008,12,1088,1307,Active,,,http://www.redfin.com/CA/San-Francisco/489-Harrison-St-94105/unit-301/home/17304903,San Francisco MLS,421605794,N,Y,37.7860724,-122.3926053
MLS Listing,,Condo/Co-op,1177 California St #411,San Francisco,CA,94108,498000,0,1.0,San Francisco,437,,1978,12,1140,951,Active,,,http://www.redfin.com/CA/San-Francisco/1177-California-St-94108/unit-411/home/1930479,San Francisco MLS,421609241,N,Y,37.7909986,-122.4137649
MLS Listing,,Condo/Co-op,25 Alpine Ter,San Francisco,CA,94117,1799000,2,1.0,San Francisco,1570,2815,1927,12,1146,375,Active,,,http://www.redfin.com/CA/San-Francisco/25-Alpine-Ter-94117/home/1319939,San Francisco MLS,421609153,N,Y,37.769849,-122.437441
MLS Listing,,Condo/Co-op,25 Alpine Ter Unit A,San Francisco,CA,94117,899000,1,1.0,San Francisco,895,2815,1927,12,1004,375,Active,,,http://www.redfin.com/CA/San-Francisco/25-Alpine-Ter-94117/unit-A/home/876789,San Francisco MLS,421609235,N,Y,37.769849,-122.437441
MLS Listing,,Single Family Residential,1840 Eddy St,San Francisco,CA,94115,2750000,4,3.5,San Francisco,3605,2151,1900,12,763,,Active,,,http://www.redfin.com/CA/San-Francisco/1840-Eddy-St-94115/home/592970,San Francisco MLS,421608403,N,Y,37.7808286,-122.4387896
MLS Listing,,Multi-Family (2-4 Unit),1506 - 1510 Masonic Ave,San Francisco,CA,94117,2115000,2,,San Francisco,4317,2495,1904,12,490,,Active,November-16-2021 12:30 PM,November-16-2021 02:00 PM,http://www.redfin.com/CA/San-Francisco/1506-Masonic-Ave-94117/home/1996744,San Francisco MLS,421606557,N,Y,37.7663989,-122.4442766
MLS Listing,,Condo/Co-op,2 Mint Plz #304,San Francisco,CA,94103,336191,1,1.0,San Francisco,631,7776,1926,12,533,773,Active,,,http://www.redfin.com/CA/San-Francisco/2-Mint-Plz-94103/unit-304/home/17304425,San Francisco MLS,421609196,N,Y,37.783154,-122.4076777
MLS Listing,,Multi-Family (5+ Unit),636 - 640 Washington St,San Francisco,CA,94111,2200000,0,,San Francisco,6300,2100,1907,12,349,,Active,,,http://www.redfin.com/CA/San-Francisco/636-Washington-St-94111/home/2017983,San Francisco MLS,421609197,N,Y,37.7955527,-122.4041948
MLS Listing,,Condo/Co-op,75 Sierra St #201,San Francisco,CA,94107,1050000,2,2.0,San Francisco,1150,48750,2006,12,913,729,Active,,,http://www.redfin.com/CA/San-Francisco/75-Sierra-St-94107/unit-201/home/12353665,San Francisco MLS,421608739,N,Y,37.7582254,-122.3958759
MLS Listing,,Single Family Residential,119 Frederick St,San Francisco,CA,94117,3990000,6,2.5,San Francisco,3675,2996,1910,12,1086,,Active,November-16-2021 12:30 PM,November-16-2021 02:00 PM,http://www.redfin.com/CA/San-Francisco/119-Frederick-St-94117/home/1476307,San Francisco MLS,421608409,N,Y,37.7670779,-122.4457286
MLS Listing,,Condo/Co-op,113 Cleo Rand Ln,San Francisco,CA,94124,760000,2,1.5,San Francisco,1150,111214,,13,661,432,Active,,,http://www.redfin.com/CA/San-Francisco/113-Cleo-Rand-Ln-94124/home/739177,San Francisco MLS,421608021,N,Y,37.7287467,-122.370845
MLS Listing,,Condo/Co-op,401 Harrison St Unit 20C,SAN FRANCISCO,CA,94105,1998000,2,2.0,SAN FRANCISCO,1334,,2014,13,1498,1418,Active,,,http://www.redfin.com/CA/San-Francisco/401-Harrison-St-94105/unit-20C/home/144064211,MLSListings,ML81868961,N,Y,37.7863747,-122.3919931
MLS Listing,,Multi-Family (2-4 Unit),1382 - 1384 10th Ave,San Francisco,CA,94122,2788888,0,,San Francisco,3622,3000,1986,13,770,,Active,,,http://www.redfin.com/CA/San-Francisco/1382-10th-Ave-94122/home/1866976,San Francisco MLS,421609162,N,Y,37.7624591,-122.4669914
MLS Listing,,Single Family Residential,1617 Treat Ave,San Francisco,CA,94110,1695000,3,1.0,Bernal Heights,1314,2750,1910,13,1290,,Active,,,http://www.redfin.com/CA/San-Francisco/1617-Treat-Ave-94110/home/1327457,"bridgeMLS, Bay East AOR, or Contra Costa AOR",40973042,N,Y,37.7446179,-122.4121056
MLS Listing,,Vacant Land,1235 Sansome St,SAN FRANCISCO,CA,94111,1498000,,,SAN FRANCISCO,,6866,,13,,,Active,,,http://www.redfin.com/CA/San-Francisco/1235-Sansome-St-94111/home/112390042,MLSListings,ML81868930,N,Y,37.8015613,-122.4030781
MLS Listing,,Condo/Co-op,445 Broderick St,SAN FRANCISCO,CA,94117,1398000,3,1.0,SAN FRANCISCO,1335,,1900,13,1047,400,Active,,,http://www.redfin.com/CA/San-Francisco/445-Broderick-St-94117/home/22043455,MLSListings,ML81868913,N,Y,37.774412,-122.439682
MLS Listing,,Condo/Co-op,241 San Jose Ave,San Francisco,CA,94110,1199000,4,2.0,Inner Mission,1550,2247,1904,13,774,,Active,,,http://www.redfin.com/CA/San-Francisco/241-San-Jose-Ave-94110/home/177044425,"bridgeMLS, Bay East AOR, or Contra Costa AOR",40972998,N,Y,37.7514524,-122.4213491
MLS Listing,,Multi-Family (2-4 Unit),559 - 561 Minna St,San Francisco,CA,94103,1699000,8,8.0,San Francisco,3038,1873,1911,13,559,,Active,,,http://www.redfin.com/CA/San-Francisco/559-Minna-St-94103/home/1791476,San Francisco MLS,421607184,N,Y,37.7793729,-122.4093764
MLS Listing,,Multi-Family (5+ Unit),569 - 571 Arguello Blvd,San Francisco,CA,94118,2089000,0,,San Francisco,4288,3000,1953,13,487,,Active,,,http://www.redfin.com/CA/San-Francisco/569-Arguello-Blvd-94118/home/615937,San Francisco MLS,421609017,N,Y,37.7798762,-122.4591743
MLS Listing,,Condo/Co-op,701 Hampshire St #4,San Francisco,CA,94110,595000,1,1.0,San Francisco,,,1961,13,,422,Active,,,http://www.redfin.com/CA/San-Francisco/701-Hampshire-St-94110/unit-4/home/174960159,San Francisco MLS,421608976,N,Y,37.7603979,-122.4078827
MLS Listing,,Single Family Residential,763 University St,San Francisco,CA,94134,1650000,4,5.0,San Francisco,3161,2996,1963,13,522,,Active,,,http://www.redfin.com/CA/San-Francisco/763-University-St-94134/home/1901521,San Francisco MLS,421606915,N,Y,37.7207461,-122.4114862
MLS Listing,,Multi-Family (2-4 Unit),2831 - 2835 Folsom St,San Francisco,CA,94110,899000,8,4.0,San Francisco,3000,1598,1908,14,300,,Active,,,http://www.redfin.com/CA/San-Francisco/2831-Folsom-St-94110/home/796906,San Francisco MLS,421607668,N,Y,37.7520111,-122.413796
MLS Listing,,Single Family Residential,166 Shakespeare St,SAN FRANCISCO,CA,94112,1150000,5,2.0,SAN FRANCISCO,2033,2500,1928,14,566,,Active,,,http://www.redfin.com/CA/San-Francisco/166-Shakespeare-St-94112/home/2009543,MLSListings,ML81868826,N,Y,37.7090576,-122.4635634
MLS Listing,,Single Family Residential,1473 Hudson Ave,San Francisco,CA,94124,1845000,4,4.0,San Francisco,2745,2996,1933,14,672,,Active,,,http://www.redfin.com/CA/San-Francisco/1473-Hudson-Ave-94124/home/1293132,San Francisco MLS,421608777,N,Y,37.7385214,-122.3859962
MLS Listing,,Single Family Residential,3025 Laguna St,San Francisco,CA,94123,1750000,2,1.0,San Francisco,1560,2173,1912,14,1122,,Active,,,http://www.redfin.com/CA/San-Francisco/3025-Laguna-St-94123/unit-A/home/563004,San Francisco MLS,421608806,N,Y,37.7989937,-122.4310546
MLS Listing,,Condo/Co-op,3620 Market St #6,San Francisco,CA,94131,1575000,2,2.5,San Francisco,1114,9846,1987,14,1414,545,Active,,,http://www.redfin.com/CA/San-Francisco/3620-Market-St-94131/unit-6/home/1873378,San Francisco MLS,421608664,N,Y,37.7556977,-122.4416295
MLS Listing,,Condo/Co-op,1360 Montgomery St #11,San Francisco,CA,94133,3250000,2,2.0,San Francisco,1550,,1936,14,2097,1172,Active,,,http://www.redfin.com/CA/San-Francisco/1360-Montgomery-St-94133/unit-11/home/1466173,"bridgeMLS, Bay East AOR, or Contra Costa AOR",40972886,N,Y,37.8017784,-122.4044008
MLS Listing,,Multi-Family (5+ Unit),15 - 27 Alhambra St,San Francisco,CA,94123,5275000,0,,San Francisco,7800,5186,1927,14,676,,Active,,,http://www.redfin.com/CA/San-Francisco/15-Alhambra-St-94123/home/1383294,San Francisco MLS,421606627,N,Y,37.802693,-122.437441
MLS Listing,,Condo/Co-op,451 Donahue St #414,SAN FRANCISCO,CA,94124,690000,1,1.0,SAN FRANCISCO,744,,2015,14,927,629,Active,,,http://www.redfin.com/CA/San-Francisco/451-Donahue-St-94124/unit-414/home/109464540,MLSListings,ML81868768,N,Y,37.7288191,-122.3697461
MLS Listing,,Condo/Co-op,3620 19th St #26,San Francisco,CA,94110,1598000,3,2.0,San Francisco,1370,39396,2008,14,1166,751,Active,November-16-2021 12:30 PM,November-16-2021 02:00 PM,http://www.redfin.com/CA/San-Francisco/3620-19th-St-94110/unit-26/home/23424258,San Francisco MLS,421607557,N,Y,37.7601561,-122.4243176
MLS Listing,,Condo/Co-op,378 Arguello Blvd,San Francisco,CA,94118,2695000,3,2.5,San Francisco,2356,2996,1917,14,1144,,Active,,,http://www.redfin.com/CA/San-Francisco/378-Arguello-Blvd-94118/home/2015798,San Francisco MLS,421596440,N,Y,37.7842905,-122.4589693
MLS Listing,,Condo/Co-op,280 Spear St Unit 8F,San Francisco,CA,94105,1650000,2,2.0,San Francisco,1305,47916,,14,1264,1252,Active,,,http://www.redfin.com/CA/San-Francisco/280-Spear-St-94105/unit-8F/home/175563253,San Francisco MLS,421608682,N,Y,37.7904356,-122.3918209
MLS Listing,,Single Family Residential,850 Steiner St,San Francisco,CA,94117,5125000,4,5.0,San Francisco,4125,3023,1899,14,1242,,Active,November-18-2021 05:00 PM,November-18-2021 06:20 PM,http://www.redfin.com/CA/San-Francisco/850-Steiner-St-94117/home/148090985,San Francisco MLS,421608231,N,Y,37.7772399,-122.4330086
MLS Listing,,Single Family Residential,622 41st Ave,San Francisco,CA,94121,1195000,3,1.0,San Francisco,1540,2996,1923,14,776,,Active,,,http://www.redfin.com/CA/San-Francisco/622-41st-Ave-94121/home/1228831,San Francisco MLS,421608580,N,Y,37.776897,-122.5015365
MLS Listing,,Condo/Co-op,181 Fremont Unit 56B,San Francisco,CA,94105,5900000,2,2.5,San Francisco,2226,,2018,15,2650,3051,Active,,,http://www.redfin.com/CA/San-Francisco/181-Fremont-St-94105/unit-56B/home/167299428,San Francisco MLS,421608610,N,Y,37.7898082,-122.3953565
MLS Listing,,Single Family Residential,655 Andover St,San Francisco,CA,94110,1299000,2,1.0,Bernal Heights,1125,1751,1926,15,1155,,Active,,,http://www.redfin.com/CA/San-Francisco/655-Andover-St-94110/home/1423227,"bridgeMLS, Bay East AOR, or Contra Costa AOR",40972831,N,Y,37.7353665,-122.4166078
MLS Listing,,Condo/Co-op,950 Tennessee St #125,San Francisco,CA,94107,1689000,2,2.0,San Francisco,1419,,2020,15,1190,764,Active,,,http://www.redfin.com/CA/San-Francisco/950-Tennessee-St-94107/unit-125/home/175051409,San Francisco MLS,421608636,N,Y,37.7596747,-122.3898245
MLS Listing,,Condo/Co-op,965 Folsom St #303,San Francisco,CA,94107,1100000,1,1.0,San Francisco,1199,8332,2000,15,917,700,Active,,,http://www.redfin.com/CA/San-Francisco/965-Folsom-St-94107/unit-303/home/12396796,San Francisco MLS,421606966,N,Y,37.7789664,-122.4044726
MLS Listing,,Condo/Co-op,335 Berry St #505,San Francisco,CA,94158,303285,1,1.0,San Francisco,730,29040,2009,15,415,555,Active,,,http://www.redfin.com/CA/San-Francisco/335-Berry-St-94158/unit-505/home/28939143,San Francisco MLS,421606933,N,Y,37.7730819,-122.3962416
MLS Listing,,Condo/Co-op,219 - 223 Clayton St #221,San Francisco,CA,94117,1495000,2,1.5,San Francisco,1705,2652,1914,15,877,322,Active,,,http://www.redfin.com/CA/San-Francisco/219-Clayton-St-94117/unit-221/home/177014390,San Francisco MLS,421607790,N,Y,37.7731588,-122.4495672
MLS Listing,,Condo/Co-op,8 Buchanan St #902,San Francisco,CA,94102,1275000,2,2.0,San Francisco,884,21140,2014,16,1442,685,Active,,,http://www.redfin.com/CA/San-Francisco/8-Buchanan-St-94102/unit-902/home/110051404,San Francisco MLS,421607301,N,Y,37.7699851,-122.4265079
MLS Listing,,Single Family Residential,268 Summit Way,San Francisco,CA,94132,1495000,3,2.5,San Francisco,2001,2040,2016,16,747,250,Active,,,http://www.redfin.com/CA/San-Francisco/268-Summit-Way-94132/home/110052106,San Francisco MLS,421608489,N,Y,37.7150004,-122.4774009
MLS Listing,,Single Family Residential,615 11th Ave,San Francisco,CA,94118,1999000,3,1.5,San Francisco,2538,2374,1915,16,788,,Active,,,http://www.redfin.com/CA/San-Francisco/615-11th-Ave-94118/home/1228801,San Francisco MLS,421608463,N,Y,37.7766318,-122.4696009
MLS Listing,,Single Family Residential,1270 Brussels St,San Francisco,CA,94134,1235000,3,2.5,San Francisco,1914,3000,1940,17,645,,Active,,,http://www.redfin.com/CA/San-Francisco/1270-Brussels-St-94134/home/783302,San Francisco MLS,421608441,N,Y,37.7165194,-122.4013529
MLS Listing,,Multi-Family (2-4 Unit),1235 - 1237 45th Ave,San Francisco,CA,94122,1699000,5,3.0,San Francisco,2200,2996,1912,17,772,,Active,,,http://www.redfin.com/CA/San-Francisco/1235-45th-Ave-94122/unit-1237/home/1948959,San Francisco MLS,421608420,N,Y,37.7634907,-122.5053983
MLS Listing,,Condo/Co-op,55 Red Rock Way Unit 104O,San Francisco,CA,94131,499000,0,1.0,San Francisco,592,7396,1972,17,843,516,Active,,,http://www.redfin.com/CA/San-Francisco/55-Red-Rock-Way-94131/unit-104O/home/1880669,San Francisco MLS,421606514,N,Y,37.7459864,-122.4410176
MLS Listing,,Condo/Co-op,488 Folsom #5402,San Francisco,CA,94105,11750000,3,3.5,San Francisco,4312,,2019,17,2725,2489,Active,,,http://www.redfin.com/CA/San-Francisco/488-Folsom-St-94105/unit-5402/home/169571742,San Francisco MLS,421607621,N,Y,37.7877451,-122.3945599
MLS Listing,,Condo/Co-op,631 Ofarrell St #1905,San Francisco,CA,94109,469000,0,1.0,San Francisco,546,18438,1930,17,859,800,Active,,,http://www.redfin.com/CA/San-Francisco/631-O-Farrell-St-94109/unit-1905/home/1450861,San Francisco MLS,421597945,N,Y,37.7852037,-122.4151808
MLS Listing,,Condo/Co-op,"2 Fallon Pl Unit 24,25",San Francisco,CA,94133,1395000,1,1.5,San Francisco,1174,21923,1980,17,1188,1443,Active,,,http://www.redfin.com/CA/San-Francisco/2-Fallon-Pl-94133/unit-24-25/home/177014447,San Francisco MLS,421594577,N,Y,37.797786,-122.4132891
MLS Listing,,Multi-Family (2-4 Unit),1227 - 1229 Florida St,San Francisco,CA,94110,1495000,6,3.0,San Francisco,1616,2000,1920,17,925,,Active,November-16-2021 02:30 PM,November-16-2021 04:00 PM,http://www.redfin.com/CA/San-Francisco/1227-Florida-St-94110/home/736191,San Francisco MLS,421607529,N,Y,37.7522842,-122.4097455
MLS Listing,,Single Family Residential,1641 Green St,San Francisco,CA,94123,6925000,3,3.5,San Francisco,2705,4120,1940,17,2560,,Active,,,http://www.redfin.com/CA/San-Francisco/1641-Green-St-94123/home/2035752,San Francisco MLS,421606016,N,Y,37.7972108,-122.4261755
MLS Listing,,Condo/Co-op,825 - 827 Corbett Ave Unit 101A,San Francisco,CA,94131,1128000,3,2.0,San Francisco,1561,7405,1961,17,723,572,Active,,,http://www.redfin.com/CA/San-Francisco/825-Corbett-Ave-94131/unit-101A/home/1003066,San Francisco MLS,421608183,N,Y,37.7535454,-122.4431511
MLS Listing,,Single Family Residential,240 Theresa St,San Francisco,CA,94112,1049000,2,1.0,San Francisco,,2495,1924,17,,,Active,,,http://www.redfin.com/CA/San-Francisco/240-Theresa-St-94112/home/1940548,San Francisco MLS,421608094,N,Y,37.730112,-122.4359083
MLS Listing,,Multi-Family (2-4 Unit),1254 - 1258 Leavenworth St,San Francisco,CA,94109,2500000,10,3.0,San Francisco,4028,2500,1908,17,621,,Active,,,http://www.redfin.com/CA/San-Francisco/1254-Leavenworth-St-94109/home/28945811,San Francisco MLS,421600036,N,Y,37.7928295,-122.4159544
MLS Listing,,Single Family Residential,270 Laguna Honda Blvd,SAN FRANCISCO,CA,94116,1495000,4,3.0,SAN FRANCISCO,2172,5436,1948,17,688,,Active,,,http://www.redfin.com/CA/San-Francisco/270-Laguna-Honda-Blvd-94116/home/681036,MLSListings,ML81868538,N,Y,37.7492346,-122.4602804
MLS Listing,,Condo/Co-op,5102 Diamond Heights Blvd Unit B,San Francisco,CA,94131,1248000,3,2.0,San Francisco,,,,17,,1030,Active,November-16-2021 01:30 PM,November-16-2021 03:00 PM,http://www.redfin.com/CA/San-Francisco/5102-Diamond-Heights-Blvd-94131/unit-B/home/1729023,San Francisco MLS,421608195,N,Y,37.7467768,-122.4420467
MLS Listing,,Condo/Co-op,456 Vallejo St Unit A,San Francisco,CA,94133,2495000,3,2.0,San Francisco,2045,2748,1910,17,1220,,Active,November-16-2021 09:30 AM,November-16-2021 10:30 AM,http://www.redfin.com/CA/San-Francisco/456-Vallejo-St-94133/unit-A/home/176998818,San Francisco MLS,421607502,N,Y,37.7993368,-122.4050027
MLS Listing,,Condo/Co-op,1400 Webster St #5,San Francisco,CA,94115,699000,3,2.0,San Francisco,1050,127534,1964,17,666,959,Active,,,http://www.redfin.com/CA/San-Francisco/1400-Webster-St-94115/unit-5/home/12401143,San Francisco MLS,421606903,N,Y,37.7837205,-122.4308053
MLS Listing,,Condo/Co-op,451 Donahue St #510,San Francisco,CA,94124,730000,2,2.0,San Francisco,1024,,2016,17,713,603,Active,,,http://www.redfin.com/CA/San-Francisco/451-Donahue-St-94124/unit-510/home/109464697,San Francisco MLS,421608169,N,Y,37.7288191,-122.3697461
MLS Listing,,Single Family Residential,308 Crescent Ave,San Francisco,CA,94110,1688000,5,3.0,San Francisco,2069,1750,1906,17,816,,Active,,,http://www.redfin.com/CA/San-Francisco/308-Crescent-Ave-94110/home/1614202,San Francisco MLS,421607560,N,Y,37.7348149,-122.4184329
MLS Listing,,Condo/Co-op,88 Townsend St #327,San Francisco,CA,94107,978000,1,1.0,San Francisco,791,37623,2004,17,1236,614,Active,,,http://www.redfin.com/CA/San-Francisco/88-Townsend-St-94102/unit-327/home/12401561,San Francisco MLS,421606099,N,Y,37.7811985,-122.3906654
MLS Listing,,Condo/Co-op,2 Mint Plz #206,San Francisco,CA,94103,649000,1,1.0,San Francisco,674,7776,1926,17,963,804,Active,,,http://www.redfin.com/CA/San-Francisco/2-Mint-Plz-94103/unit-206/home/17306449,San Francisco MLS,421608137,N,Y,37.783154,-122.4076777
MLS Listing,,Condo/Co-op,1545 Pine St #701,San Francisco,CA,94109,1998000,2,2.0,San Francisco,1071,14553,2017,17,1866,984,Active,,,http://www.redfin.com/CA/San-Francisco/1545-Pine-St-94109/unit-701/home/145945316,San Francisco MLS,421608069,N,Y,37.7893082,-122.4211982
MLS Listing,,Condo/Co-op,1079 Lombard St #301,San Francisco,CA,94109,4595000,3,4.5,San Francisco,3135,3295,1907,17,1466,448,Active,,,http://www.redfin.com/CA/San-Francisco/1079-Lombard-St-94109/unit-301/home/176994281,San Francisco MLS,421606668,N,Y,37.801964,-122.4192414
MLS Listing,,Multi-Family (2-4 Unit),51 - 55 Webster St,San Francisco,CA,94117,1995000,6,3.5,San Francisco,3069,1947,1900,17,650,,Active,November-16-2021 11:30 AM,November-16-2021 01:00 PM,http://www.redfin.com/CA/San-Francisco/51-Webster-St-94117/home/582087,San Francisco MLS,421607822,N,Y,37.7705448,-122.4287093
MLS Listing,,Condo/Co-op,2169 Folsom St Unit M203,San Francisco,CA,94110,1149000,1,1.0,San Francisco,1012,,2001,18,1135,572,Active,,,http://www.redfin.com/CA/San-Francisco/2169-Folsom-St-94110/unit-M203/home/2025744,San Francisco MLS,421607750,N,Y,37.762607,-122.4147099
MLS Listing,,Condo/Co-op,34 Varennes St,San Francisco,CA,94133,749000,2,1.0,San Francisco,600,,1906,18,1248,288,Active,,,http://www.redfin.com/CA/San-Francisco/34-Varennes-St-94133/home/40053809,San Francisco MLS,421605440,N,Y,37.800299,-122.4066221
MLS Listing,,Condo/Co-op,950 Tennessee St #217,San Francisco,CA,94107,595000,0,1.0,San Francisco,432,,2020,18,1377,435,Active,,,http://www.redfin.com/CA/San-Francisco/950-Tennessee-St-94107/unit-217/home/172713167,San Francisco MLS,421608056,N,Y,37.7596747,-122.3898245
MLS Listing,,Condo/Co-op,1100 Leavenworth St #1298,San Francisco,CA,94109,650000,1,1.0,San Francisco,468,2406,1910,18,1389,524,Active,,,http://www.redfin.com/CA/San-Francisco/1100-Leavenworth-St-94109/unit-1298/home/176992862,San Francisco MLS,421607912,N,Y,37.7914729,-122.4156931
MLS Listing,,Condo/Co-op,3410 California St,San Francisco,CA,94118,1650000,2,2.0,San Francisco,1197,3318,2006,18,1378,450,Active,,,http://www.redfin.com/CA/San-Francisco/3410-California-St-94118/home/12402275,San Francisco MLS,421606301,N,Y,37.7870565,-122.4507192
MLS Listing,,Vacant Land,1697 - 1699 Quint St,San Francisco,CA,94124,399000,0,,San Francisco,,8802,,18,,,Active,,,http://www.redfin.com/CA/San-Francisco/1697-Quint-St-94124/home/102821258,San Francisco MLS,421607765,N,Y,37.7353354,-122.3982046
MLS Listing,,Single Family Residential,88 Stanford Heights Ave,San Francisco,CA,94127,1099000,3,2.5,San Francisco,1612,2548,,18,682,,Active,,,http://www.redfin.com/CA/San-Francisco/88-Stanford-Heights-Ave-94127/home/690404,San Francisco MLS,421607816,N,Y,37.7356873,-122.4498442
MLS Listing,,Condo/Co-op,1047 Dolores St,San Francisco,CA,94110,1350000,2,2.0,San Francisco,1012,2948,1986,18,1334,367,Active,November-16-2021 12:30 PM,November-16-2021 02:00 PM,http://www.redfin.com/CA/San-Francisco/1047-Dolores-St-94110/home/56537672,San Francisco MLS,421607368,N,Y,37.7527534,-122.42492
MLS Listing,,Condo/Co-op,8300 Oceanview Ter #203,San Francisco,CA,94132,589000,1,1.0,San Francisco,688,325629,2002,18,856,616,Active,,,http://www.redfin.com/CA/San-Francisco/8300-Oceanview-Ter-94132/unit-203/home/1321500,San Francisco MLS,421605106,N,Y,37.7100162,-122.4683516
MLS Listing,,Condo/Co-op,1782 18th Ave,San Francisco,CA,94122,1298000,3,2.0,San Francisco,1380,,,18,941,,Active,,,http://www.redfin.com/CA/San-Francisco/1782-18th-Ave-94122/home/176988868,San Francisco MLS,421607070,N,Y,37.75463,-122.4752724
MLS Listing,,Condo/Co-op,1050 Noriega St,San Francisco,CA,94122,1998000,4,3.5,San Francisco,2365,3250,1916,18,845,,Active,,,http://www.redfin.com/CA/San-Francisco/1050-Noriega-St-94122/unit-18TH/home/641438,San Francisco MLS,421605360,N,Y,37.7545183,-122.4752724
MLS Listing,,Condo/Co-op,1 Crescent Way #1213,San Francisco,CA,94134,565838,2,2.0,San Francisco,1063,42105,2001,18,532,607,Active,,,http://www.redfin.com/CA/San-Francisco/1-Crescent-Way-94134/unit-1213/home/919650,San Francisco MLS,421603710,N,Y,37.7107619,-122.3903114
MLS Listing,,Single Family Residential,2258 21st Ave,San Francisco,CA,94116,1395000,3,2.0,San Francisco,1984,2996,1926,18,703,,Active,,,http://www.redfin.com/CA/San-Francisco/2258-21st-Ave-94116/home/1629106,San Francisco MLS,421607758,N,Y,37.7456028,-122.477782
MLS Listing,,Condo/Co-op,3374 22nd St,San Francisco,CA,94110,1129000,2,1.5,San Francisco,1230,2850,1907,18,918,,Active,November-16-2021 01:00 PM,November-16-2021 02:00 PM,http://www.redfin.com/CA/San-Francisco/3374-22nd-St-94110/home/176988404,San Francisco MLS,421606360,N,Y,37.7553128,-122.4225653
MLS Listing,,Single Family Residential,191 San Felipe Ave,San Francisco,CA,94127,2999000,3,3.0,San Francisco,3085,3933,1926,18,972,,Active,November-17-2021 05:00 PM,November-17-2021 06:30 PM,http://www.redfin.com/CA/San-Francisco/191-San-Felipe-Ave-94127/home/1212225,San Francisco MLS,421603881,N,Y,37.7323193,-122.4634647
MLS Listing,,Single Family Residential,1418 Plymouth Ave,San Francisco,CA,94112,1095000,2,1.0,San Francisco,1280,3267,1927,18,855,12,Active,,,http://www.redfin.com/CA/San-Francisco/1418-Plymouth-Ave-94112/home/696827,San Francisco MLS,421607694,N,Y,37.7278969,-122.4562999
MLS Listing,,Single Family Residential,809 Scott St,San Francisco,CA,94117,5795000,4,3.5,San Francisco,4274,3998,1900,18,1356,,Active,,,http://www.redfin.com/CA/San-Francisco/809-Scott-St-94117/home/595785,San Francisco MLS,421586903,N,Y,37.7773835,-122.436793
MLS Listing,,Single Family Residential,150 Kingston St,San Francisco,CA,94110,1200000,2,1.5,San Francisco,,1855,1915,18,,,Active,,,http://www.redfin.com/CA/San-Francisco/150-Kingston-St-94110/home/1679888,San Francisco MLS,421606461,N,Y,37.7413001,-122.421718
MLS Listing,,Multi-Family (2-4 Unit),668 - 668B 29th St,San Francisco,CA,94131,1550000,3,2.0,San Francisco,2090,2848,1910,18,742,,Active,,,http://www.redfin.com/CA/San-Francisco/668-29th-St-94131/home/843808,San Francisco MLS,421591341,N,Y,37.7433549,-122.4348355
MLS Listing,,Single Family Residential,416 Melrose Ave,San Francisco,CA,94127,1090000,2,1.0,San Francisco,1050,2896,1946,18,1038,,Active,,,http://www.redfin.com/CA/San-Francisco/416-Melrose-Ave-94127/home/2000700,San Francisco MLS,421606419,N,Y,37.7339439,-122.4516557
MLS Listing,,Condo/Co-op,1155 Leavenworth St #14,San Francisco,CA,94109,415000,0,1.0,San Francisco,,,1911,18,,385,Active,November-16-2021 02:00 PM,November-16-2021 04:00 PM,http://www.redfin.com/CA/San-Francisco/1155-Leavenworth-St-94109/unit-14/home/146104732,BAREIS,421607726,N,Y,37.7919759,-122.4161542
MLS Listing,,Condo/Co-op,435 China Basin St #322,San Francisco,CA,94158,1380000,2,2.0,San Francisco,1185,122891,2012,19,1165,863,Active,,,http://www.redfin.com/CA/San-Francisco/435-China-Basin-St-94158/unit-322/home/40629253,San Francisco MLS,421605957,N,Y,37.7718864,-122.3885728
MLS Listing,,Condo/Co-op,488 Folsom St #4106,San Francisco,CA,94105,1995000,2,2.0,San Francisco,1142,,2019,19,1747,1633,Active,,,http://www.redfin.com/CA/San-Francisco/488-Folsom-St-94105/unit-4106/home/169571688,San Francisco MLS,421607620,N,Y,37.7877451,-122.3945599
MLS Listing,,Condo/Co-op,488 Folsom #4801,San Francisco,CA,94105,5400000,3,3.0,San Francisco,2159,,2019,19,2501,1908,Active,,,http://www.redfin.com/CA/San-Francisco/488-Folsom-St-94105/unit-4801/home/147285114,San Francisco MLS,421607615,N,Y,37.7877451,-122.3945599
MLS Listing,,Condo/Co-op,855 La Playa St #265,San Francisco,CA,94121,929000,2,2.0,San Francisco,1028,26603,1983,19,904,807,Active,,,http://www.redfin.com/CA/San-Francisco/855-La-Playa-St-94121/unit-265/home/1051798,San Francisco MLS,421606334,N,Y,37.7722402,-122.5101792
MLS Listing,,Condo/Co-op,3166 26th St #2,San Francisco,CA,94110,995000,2,2.0,San Francisco,1550,2328,2001,19,642,300,Active,,,http://www.redfin.com/CA/San-Francisco/3166-26th-St-94110/unit-2/home/997448,San Francisco MLS,421606980,N,Y,37.7495135,-122.4133224
MLS Listing,,Condo/Co-op,3651 Webster St,San Francisco,CA,94123,2491000,3,2.5,San Francisco,2100,2500,1934,19,1186,,Active,,,http://www.redfin.com/CA/San-Francisco/3651-Webster-St-94123/home/1268330,San Francisco MLS,421606932,N,Y,37.8044571,-122.4355927
MLS Listing,,Condo/Co-op,631 Ofarrell St #1705,San Francisco,CA,94109,425000,0,1.0,San Francisco,546,18438,,19,778,820,Active,,,http://www.redfin.com/CA/San-Francisco/631-O-Farrell-St-94109/unit-1705/home/1039518,San Francisco MLS,421607400,N,Y,37.7852037,-122.4151808
MLS Listing,,Condo/Co-op,555 Innes Ave #211,SAN FRANCISCO,CA,94124,498000,1,1.0,SAN FRANCISCO,603,,2016,20,826,469,Active,,,http://www.redfin.com/CA/San-Francisco/555-Innes-Ave-94124/unit-211/home/99819338,MLSListings,ML81868181,N,Y,37.7281082,-122.3692429
MLS Listing,,Vacant Land,970 Ashbury St,San Francisco,CA,94117,1500000,0,,San Francisco,,3602,,20,,,Active,,,http://www.redfin.com/CA/San-Francisco/970-Ashbury-St-94117/unit-V/home/110056719,San Francisco MLS,421607315,N,Y,37.764665,-122.445491
MLS Listing,,Condo/Co-op,2555 Leavenworth St #305,SAN FRANCISCO,CA,94133,799000,1,1.0,SAN FRANCISCO,672,,1961,20,1189,625,Active,,,http://www.redfin.com/CA/San-Francisco/2555-Leavenworth-St-94133/unit-305/home/1450496,MLSListings,ML81867778,N,Y,37.804693,-122.418709
MLS Listing,,Single Family Residential,986 Somerset St,San Francisco,CA,94134,1095000,2,1.0,San Francisco,1136,1751,1958,20,964,,Active,,,http://www.redfin.com/CA/San-Francisco/986-Somerset-St-94134/home/782065,San Francisco MLS,421606958,N,Y,37.7196115,-122.4048129
MLS Listing,,Condo/Co-op,707 Capp St,San Francisco,CA,94110,1750000,4,2.0,San Francisco,2045,3262,1900,20,856,,Active,,,http://www.redfin.com/CA/San-Francisco/707-Capp-St-94110/home/1352425,San Francisco MLS,421607278,N,Y,37.7551041,-122.4173025
MLS Listing,,Multi-Family (2-4 Unit),1180 Clayton St,San Francisco,CA,94117,4800000,6,9.0,San Francisco,4320,2151,1928,20,1111,,Active,,,http://www.redfin.com/CA/San-Francisco/1180-Clayton-St-94117/home/1916774,San Francisco MLS,421607285,N,Y,37.7620647,-122.4466575
MLS Listing,,Single Family Residential,1383 14th Ave,San Francisco,CA,94122,2199000,4,4.0,San Francisco,2354,2495,1923,20,934,,Active,,,http://www.redfin.com/CA/San-Francisco/1383-14th-Ave-94122/home/942987,San Francisco MLS,421607245,N,Y,37.762294,-122.4717789
